"User-ID";"ISBN";"Book-Rating"
"277427";"0345404777";"0"
"277623";"0786890436";"4"
"277639";"0440211727";"8"
"278119";"044661162X";"9"
"278172";"0380817144";"7"
"278188";"0515134368";"0"
"278418";"0373871562";"0"
"278418";"0440211727";"0"
"278418";"0451155750";"0"
"278418";"0515122408";"0"
"2";"0195153448";"0"
"8";"0002005018";"5"
"8";"0060973129";"0"
"8";"0374157065";"0"
"254";"0446364762";"0"
"709";"0064405052";"9"
"709";"0064409457";"6"
"709";"0152162445";"10"
"709";"015216250X";"10"
"709";"0152162577";"10"
"709";"0345391802";"7"
"709";"043922165X";"9"
"709";"0439221676";"4"
"709";"0439221684";"5"
"709";"0439221706";"4"
"709";"0439221714";"4"
"709";"0439221730";"4"
"709";"0440219078";"10"
"709";"0440415993";"10"
"709";"068983585X";"0"
"709";"0895872102";"0"
"709";"1562477528";"9"
"711";"185424597X";"0"
"711";"2080105434";"0"
"712";"0345346971";"0"
"712";"0345356578";"0"
"713";"0753804700";"10"
"714";"0415928087";"0"
"714";"0451155750";"7"
"714";"0521427150";"0"
"714";"0786890436";"0"
"714";"0812923278";"0"
"714";"0884111342";"6"
"717";"0345428544";"0"
"717";"0671694049";"7"
"720";"080901582X";"0"
"724";"0449006557";"0"
"726";"0373250339";"5"
"726";"0380820447";"10"
"726";"0385497679";"10"
"726";"0451454243";"10"
"728";"0312853238";"0"
"728";"0373871562";"0"
"728";"0380002450";"0"
"728";"0385493800";"0"
"728";"0394178017";"0"
"728";"039914563X";"0"
"728";"0425134350";"0"
"728";"0425161722";"0"
"728";"0440211727";"0"
"728";"0553101439";"0"
"728";"067175145X";"5"
"728";"0688048730";"0"
"728";"0793133955";"0"
"728";"0835949362";"0"
"728";"0849916399";"0"
"728";"0877192820";"0"
"728";"0880701102";"0"
"728";"0898151910";"0"
"728";"0941423042";"0"
"728";"1928791107";"0"
"730";"0380538504";"5"
"730";"0380754851";"0"
"730";"0385479689";"0"
"735";"0345404777";"0"
"735";"0380759497";"0"
"735";"038533334X";"4"
"735";"0440120470";"6"
"735";"0440130913";"0"
"735";"0440222818";"7"
"735";"0440224829";"9"
"735";"044661162X";"9"
"735";"0449001954";"8"
"735";"0449131548";"8"
"735";"0451185277";"8"
"735";"0451188209";"0"
"735";"0451204050";"0"
"735";"0515122408";"0"
"735";"0515134368";"9"
"735";"0671742566";"0"
"735";"0671779338";"10"
"736";"3442098424";"0"
"737";"0394578791";"0"
"739";"1558505377";"9"
"741";"0061064505";"0"
"741";"0373245696";"0"
"741";"0380752115";"0"
"741";"0380817144";"0"
"741";"0381999866";"8"
"741";"0425166619";"0"
"741";"0446364762";"0"
"741";"0553256785";"8"
"741";"0590514776";"6"
"741";"061312975X";"0"
"741";"068983571X";"0"
"741";"0743201078";"0"
"741";"0765341972";"0"
"741";"0836230868";"0"
"741";"0892967994";"0"
"741";"1551668785";"0"
"882";"0515134368";"6"
"885";"0380002450";"9"
"929";"0440211727";"0"
"1129";"0385493800";"6"
"1131";"038533334X";"0"
"1435";"0440211727";"0"
"1511";"0345391802";"9"
"1733";"0446364762";"5"
"1848";"0440211727";"0"
"1928";"068983571X";"0"
"2019";"0440211727";"5"
"2110";"015216250X";"8"
"2110";"0152162577";"0"
"2204";"0440211727";"9"
"2276";"0449001954";"0"
"2632";"0385493800";"9"
"2766";"0345391802";"0"
"2766";"0440219078";"8"
"2793";"0451204050";"0"
"2954";"0060973129";"8"
"3017";"0345391802";"0"
"3093";"0440211727";"0"
"3099";"0440211727";"8"
"3167";"0425134350";"0"
"3167";"0440219078";"10"
"3363";"0373250339";"0"
"3363";"0380820447";"0"
"3371";"0515134368";"0"
"3948";"0451155750";"9"
"4017";"038533334X";"10"
"4795";"038533334X";"0"
"4878";"0440219078";"10"
"5037";"0440211727";"10"
"5609";"0345391802";"0"
"5709";"0440211727";"0"
"6073";"0440211727";"6"
"6251";"0064405052";"8"
"6323";"0440222818";"0"
"6505";"0440130913";"8"
"6563";"0440211727";"10"
"6575";"0345391802";"8"
"6575";"038533334X";"4"
"6854";"0451185277";"9"
"6866";"0515134368";"0"
"6867";"0440211727";"0"
"6871";"0440211727";"4"
"7050";"0765341972";"0"
"7158";"0345391802";"0"
"7210";"0446364762";"0"
"7253";"0385493800";"0"
"7266";"0425134350";"8"
"7319";"0440219078";"10"
"7346";"0380759497";"6"
"7346";"0380820447";"7"
"7346";"0440219078";"0"
"7569";"0446364762";"0"
"7620";"0440211727";"7"
"7721";"0345356578";"8"
"7860";"0451204050";"0"
"7915";"0743201078";"0"
"8245";"0380820447";"8"
"8245";"0425161722";"0"
"8245";"0451185277";"0"
"8362";"0345391802";"0"
"8362";"0385493800";"0"
"8362";"0440211727";"0"
"8487";"0345404777";"0"
"8487";"0385493800";"0"
"8782";"0440224829";"0"
"8936";"0451155750";"0"
"9417";"015216250X";"9"
"9417";"0451454243";"8"
"9721";"0440219078";"8"
"9735";"0440219078";"9"
"9747";"0345391802";"0"
"9856";"0440211727";"0"
"9856";"0440219078";"0"
"9908";"0515134368";"8"
"10030";"0440211727";"0"
"10161";"0449006557";"0"
"10164";"0385493800";"8"
"10461";"0440222818";"9"
"10560";"0345428544";"8"
"10590";"0446364762";"0"
"10590";"0671742566";"0"
"10819";"0449001954";"9"
"11283";"0440211727";"10"
"11358";"0753804700";"9"
"11400";"0002005018";"0"
"11400";"0440211727";"0"
"11601";"0345391802";"0"
"11601";"0380820447";"0"
"11601";"0440224829";"0"
"11601";"0515122408";"0"
"11676";"0002005018";"8"
"11676";"0064405052";"7"
"11676";"0345346971";"8"
"11676";"0345356578";"8"
"11676";"0345391802";"0"
"11676";"0345404777";"0"
"11676";"0385493800";"8"
"11676";"039914563X";"0"
"11676";"0425134350";"0"
"11676";"0425161722";"0"
"11676";"0425166619";"6"
"11676";"0440211727";"0"
"11676";"0440219078";"7"
"11676";"0449001954";"10"
"11676";"0451155750";"0"
"11676";"0451185277";"6"
"11676";"0451454243";"9"
"11676";"0515122408";"6"
"11676";"0515134368";"7"
"11676";"0553212583";"0"
"11676";"0753804700";"6"
"11676";"0765341972";"6"
"11676";"0786890436";"7"
"11676";"1551668785";"5"
"11676";"1558505377";"0"
"11676";"185424597X";"9"
"11819";"0671694049";"10"
"11944";"0440211727";"0"
"11993";"0440211727";"0"
"11993";"0786890436";"0"
"12515";"0515134368";"5"
"12538";"0345356578";"0"
"12538";"0380759497";"7"
"12538";"0440211727";"0"
"12824";"0064405052";"10"
"12824";"0440211727";"5"
"12824";"0449006557";"0"
"12863";"0345391802";"8"
"13094";"0451454243";"8"
"13331";"0440211727";"2"
"13518";"0440211727";"8"
"13552";"0373250339";"0"
"13552";"0440211727";"9"
"13552";"0446364762";"0"
"13552";"0786890436";"0"
"13582";"0440211727";"0"
"13850";"0380002450";"4"
"13863";"0440219078";"0"
"13907";"0345391802";"10"
"14374";"0451454243";"0"
"14422";"0440211727";"0"
"14422";"0671742566";"0"
"14521";"0440211727";"0"
"14521";"0515134368";"0"
"14521";"0553212583";"1"
"14638";"0425161722";"0"
"14638";"0440211727";"0"
"14655";"0440219078";"10"
"14683";"0451454243";"9"
"15156";"0753804700";"7"
"15408";"0380002450";"8"
"15408";"0451454243";"0"
"15418";"0345391802";"7"
"15602";"0553212583";"10"
"15819";"0515122408";"9"
"15945";"0380002450";"5"
"16036";"0061064505";"5"
"16185";"0345391802";"10"
"16246";"044661162X";"0"
"16551";"0440211727";"10"
"16551";"0451155750";"8"
"16634";"0380820447";"0"
"16634";"0553212583";"8"
"16795";"038533334X";"6"
"16795";"0425166619";"8"
"16795";"0440130913";"0"
"16795";"0440211727";"0"
"16795";"0451185277";"0"
"16795";"0765341972";"6"
"16795";"0786890436";"0"
"16916";"0440211727";"0"
"17453";"0440211727";"8"
"17661";"0451454243";"0"
"17667";"0312853238";"0"
"17851";"0385493800";"0"
"17859";"0440211727";"0"
"17894";"0440211727";"0"
"17950";"0385493800";"5"
"17950";"0440211727";"5"
"17950";"0786890436";"0"
"18002";"0440219078";"0"
"18067";"039914563X";"0"
"18067";"044661162X";"8"
"18094";"0449006557";"0"
"18554";"0425161722";"7"
"18802";"044661162X";"10"
"19096";"0425166619";"8"
"19570";"0451188209";"7"
"19664";"038533334X";"0"
"19694";"0765341972";"0"
"19935";"0440211727";"5"
"19969";"0385493800";"0"
"20115";"0440120470";"0"
"20172";"0380002450";"10"
"20201";"0385493800";"0"
"20201";"0440211727";"0"
"20201";"0451155750";"0"
"20446";"0425161722";"0"
"20462";"0440211727";"7"
"20570";"038533334X";"0"
"20804";"0345404777";"6"
"21014";"0345391802";"0"
"21031";"044661162X";"0"
"21031";"0449001954";"0"
"21404";"015216250X";"0"
"21404";"0152162577";"0"
"21484";"0440219078";"10"
"21659";"0440211727";"0"
"21931";"0345391802";"0"
"22088";"0440211727";"0"
"22187";"0440224829";"0"
"22252";"0345391802";"0"
"22504";"038533334X";"0"
"22625";"038533334X";"10"
"22818";"0385479689";"0"
"22936";"0440219078";"10"
"23768";"0446364762";"0"
"23871";"0671742566";"0"
"23872";"0345391802";"10"
"23872";"0380002450";"9"
"23872";"0440211727";"9"
"23872";"0440219078";"9"
"23902";"0553212583";"10"
"23997";"0385493800";"0"
"24933";"0446364762";"8"
"25225";"0345391802";"0"
"25225";"038533334X";"7"
"25373";"0380817144";"0"
"25409";"0380820447";"0"
"25601";"039914563X";"0"
"25677";"0345391802";"10"
"25850";"0440219078";"10"
"25930";"0446364762";"0"
"25981";"0786890436";"0"
"26070";"0440219078";"0"
"26196";"0380817144";"0"
"26371";"044661162X";"0"
"26518";"0440224829";"8"
"26535";"0380752115";"0"
"26535";"0515122408";"5"
"26538";"0786890436";"0"
"26544";"0440211727";"0"
"26553";"0671694049";"10"
"26593";"0345404777";"0"
"26593";"0440211727";"0"
"26620";"0515134368";"4"
"26730";"0440219078";"0"
"26883";"0553212583";"0"
"27472";"0440219078";"10"
"27472";"0671742566";"0"
"27597";"0440211727";"0"
"27617";"0385493800";"0"
"27617";"0671779338";"0"
"27788";"0345391802";"0"
"27821";"0451155750";"5"
"27821";"0786890436";"6"
"28025";"067175145X";"10"
"28139";"0345404777";"0"
"28204";"0440211727";"0"
"28204";"0440224829";"0"
"28204";"0449006557";"0"
"28360";"0440211727";"0"
"28523";"0345404777";"0"
"28591";"0380820447";"0"
"28594";"0345428544";"6"
"28634";"0425161722";"0"
"28634";"0440211727";"10"
"28667";"0671694049";"0"
"28809";"0440219078";"7"
"28865";"039914563X";"0"
"28938";"0345391802";"10"
"29080";"0425166619";"2"
"29101";"0425161722";"9"
"29259";"0765341972";"0"
"29259";"0786890436";"0"
"29419";"0440211727";"0"
"29975";"0765341972";"8"
"30029";"0425166619";"0"
"30052";"0425166619";"2"
"30052";"0440224829";"0"
"30125";"0345391802";"0"
"30125";"0440211727";"0"
"30131";"0345391802";"0"
"30210";"0440219078";"10"
"30273";"0440130913";"0"
"30276";"0380759497";"8"
"30276";"0425166619";"0"
"30276";"0440219078";"0"
"30333";"0385493800";"5"
"30333";"0440224829";"5"
"30359";"0440219078";"0"
"30487";"0345391802";"0"
"30511";"0345391802";"7"
"30511";"038533334X";"6"
"30531";"0440211727";"0"
"30594";"0345404777";"8"
"30711";"0345391802";"7"
"30716";"0425161722";"0"
"30972";"0440211727";"0"
"30972";"0515134368";"0"
"30985";"0425134350";"8"
"30994";"0440222818";"8"
"31100";"0440219078";"0"
"31172";"0449001954";"0"
"31308";"0451188209";"0"
"31315";"0380820447";"0"
"31315";"038533334X";"0"
"31315";"0385493800";"10"
"31315";"0440130913";"0"
"31362";"0765341972";"0"
"31375";"0515134368";"3"
"31391";"015216250X";"0"
"31391";"0345346971";"10"
"31391";"0345356578";"10"
"31393";"0515122408";"7"
"31556";"0380759497";"0"
"31556";"0440219078";"0"
"31609";"0449006557";"0"
"31652";"0671694049";"0"
"31652";"1551668785";"0"
"31681";"0753804700";"0"
"31735";"0380820447";"0"
"31818";"0440211727";"8"
"31820";"038533334X";"6"
"31826";"0380759497";"10"
"31826";"0451155750";"10"
"31900";"061312975X";"0"
"31919";"0440219078";"0"
"31948";"0440211727";"0"
"32087";"038533334X";"0"
"32122";"0515122408";"0"
"32195";"0440130913";"0"
"32195";"0440211727";"0"
"32217";"0440219078";"8"
"32402";"0440211727";"0"
"32440";"0451155750";"0"
"32516";"0380002450";"0"
"32516";"0440211727";"8"
"32773";"0380002450";"0"
"32773";"0440211727";"0"
"32773";"0590514776";"0"
"32817";"0753804700";"0"
"32964";"0385493800";"8"
"33282";"0380820447";"8"
"33283";"0451155750";"6"
"33487";"0345404777";"0"
"33816";"0553212583";"0"
"33818";"0440211727";"8"
"33818";"0440222818";"0"
"33832";"0440130913";"0"
"33862";"0440222818";"7"
"34087";"0380817144";"0"
"34349";"0753804700";"5"
"34397";"0440211727";"0"
"34501";"0425161722";"0"
"34600";"0345404777";"0"
"34740";"0440219078";"7"
"34752";"0380820447";"7"
"34823";"0451155750";"0"
"35050";"015216250X";"7"
"35050";"0152162577";"0"
"35050";"0345346971";"0"
"35050";"0345356578";"0"
"35050";"0440211727";"0"
"35050";"0440222818";"0"
"35050";"0515122408";"0"
"35050";"0553212583";"0"
"35050";"0553256785";"0"
"35073";"039914563X";"7"
"35097";"0425134350";"9"
"35270";"0440211727";"4"
"35518";"0440219078";"0"
"35704";"0374157065";"6"
"35704";"0671694049";"0"
"35836";"0440211727";"0"
"35857";"038533334X";"0"
"35857";"0440211727";"0"
"35859";"0312853238";"0"
"35859";"0345404777";"0"
"35859";"0345428544";"0"
"35859";"0380817144";"0"
"35859";"038533334X";"0"
"35859";"0394578791";"0"
"35859";"0425161722";"0"
"35859";"0425166619";"0"
"35859";"0440211727";"0"
"35859";"0446364762";"0"
"35859";"044661162X";"0"
"35859";"0449001954";"0"
"35859";"0451155750";"8"
"35859";"0765341972";"0"
"35859";"0786890436";"8"
"35996";"0345391802";"0"
"36141";"0380817144";"0"
"36200";"044661162X";"0"
"36256";"0440211727";"8"
"36299";"015216250X";"7"
"36327";"067175145X";"8"
"36606";"0440219078";"10"
"36606";"0440224829";"0"
"36606";"0515134368";"0"
"36609";"0064405052";"10"
"36609";"0380820447";"0"
"36817";"0451454243";"0"
"36836";"038533334X";"0"
"36836";"067175145X";"0"
"36836";"2080105434";"8"
"36907";"0345391802";"8"
"36992";"0753804700";"8"
"37239";"0425166619";"10"
"37250";"0385493800";"0"
"37311";"038533334X";"8"
"37311";"044661162X";"5"
"37400";"0345391802";"4"
"37493";"0553212583";"0"
"37536";"0440211727";"0"
"37597";"0385497679";"6"
"37644";"0451454243";"0"
"37712";"038533334X";"0"
"37950";"0345346971";"0"
"37950";"0345356578";"10"
"37950";"0345391802";"0"
"37950";"0440211727";"0"
"37950";"0451155750";"0"
"38023";"015216250X";"0"
"38023";"0152162577";"0"
"38023";"0345356578";"6"
"38023";"0380759497";"7"
"38023";"0380817144";"0"
"38034";"0380820447";"10"
"38074";"0345404777";"0"
"38176";"038533334X";"0"
"38544";"0385493800";"9"
"38590";"0385493800";"0"
"38601";"0786890436";"0"
"38654";"0440219078";"5"
"38781";"0380820447";"0"
"38781";"0515134368";"0"
"38899";"0440211727";"0"
"38933";"038533334X";"0"
"38933";"0385479689";"8"
"39281";"0064405052";"0"
"39281";"0345404777";"0"
"39281";"038533334X";"0"
"39284";"0440211727";"7"
"39345";"0440211727";"0"
"39345";"0446364762";"7"
"39374";"0425161722";"0"
"39467";"0345391802";"0"
"39492";"0451185277";"6"
"39646";"0380820447";"0"
"39646";"0385493800";"0"
"39646";"0440130913";"0"
"39646";"0440211727";"10"
"39646";"0440222818";"0"
"39646";"0553212583";"0"
"39646";"067175145X";"0"
"39773";"0345428544";"9"
"40104";"039914563X";"8"
"40222";"0385493800";"10"
"40316";"038533334X";"7"
"40415";"044661162X";"5"
"40617";"038533334X";"0"
"40889";"0440222818";"0"
"40889";"0786890436";"0"
"40943";"0380820447";"0"
"40943";"068983571X";"10"
"41084";"0345391802";"0"
"41084";"0765341972";"0"
"41084";"0786890436";"8"
"41117";"0440211727";"0"
"41385";"0002005018";"0"
"41404";"0451155750";"9"
"41589";"0425161722";"6"
"41757";"0440224829";"0"
"41841";"0440219078";"0"
"42198";"0440219078";"10"
"42459";"0446364762";"0"
"42466";"038533334X";"0"
"42739";"0425161722";"6"
"42935";"0553212583";"0"
"43004";"0345404777";"0"
"43093";"0440211727";"7"
"43246";"0064405052";"10"
"43246";"038533334X";"7"
"43246";"0440219078";"0"
"43246";"0765341972";"0"
"43359";"0440211727";"8"
"43392";"0765341972";"0"
"43542";"0345391802";"0"
"43619";"038533334X";"0"
"43678";"0380002450";"9"
"43687";"0440211727";"0"
"43806";"0440211727";"0"
"43824";"0671742566";"0"
"43842";"038533334X";"0"
"43842";"0440219078";"0"
"43842";"0786890436";"0"
"43920";"0451188209";"0"
"44252";"0786890436";"9"
"44269";"0515134368";"0"
"44404";"039914563X";"0"
"44535";"0373871562";"10"
"44728";"0380820447";"0"
"44728";"0786890436";"0"
"45255";"038533334X";"8"
"45315";"044661162X";"3"
"45369";"0515134368";"5"
"45707";"0765341972";"7"
"46351";"0345391802";"9"
"46443";"0440219078";"9"
"46472";"0440211727";"5"
"47117";"0451155750";"0"
"47316";"0440211727";"0"
"47594";"0440219078";"0"
"47635";"0061064505";"0"
"48046";"0765341972";"8"
"48046";"0786890436";"9"
"48057";"0440211727";"0"
"48226";"0440211727";"0"
"48440";"0425161722";"0"
"48494";"0385493800";"0"
"48494";"0440130913";"0"
"48494";"0515134368";"0"
"48827";"0312853238";"10"
"49109";"0345391802";"0"
"49109";"0380817144";"0"
"49109";"0451155750";"0"
"49168";"039914563X";"8"
"49300";"038533334X";"0"
"49314";"0440130913";"0"
"49422";"0765341972";"0"
"49531";"0765341972";"5"
"49635";"0440211727";"0"
"49679";"0345404777";"6"
"49889";"0380817144";"7"
"49900";"0515134368";"0"
"49980";"0451454243";"0"
"50143";"0440219078";"9"
"50225";"0440211727";"0"
"50225";"0553212583";"0"
"50539";"0385493800";"9"
"50564";"044661162X";"9"
"50610";"0345346971";"5"
"50612";"0312853238";"5"
"50730";"0515122408";"5"
"50849";"0380759497";"7"
"50849";"0440211727";"8"
"50951";"0425166619";"0"
"50972";"038533334X";"6"
"51094";"0345404777";"0"
"51094";"0446364762";"0"
"51165";"0425166619";"0"
"51450";"038533334X";"0"
"51464";"0753804700";"0"
"51511";"0786890436";"7"
"51526";"0440211727";"0"
"51627";"0671742566";"0"
"51665";"0446364762";"8"
"51883";"0440211727";"0"
"51926";"0451204050";"8"
"51983";"0345391802";"4"
"52002";"038533334X";"0"
"52021";"0451454243";"0"
"52100";"068983571X";"8"
"52159";"0345404777";"7"
"52325";"0440219078";"0"
"52498";"0451155750";"8"
"52584";"0440211727";"0"
"52584";"0440224829";"0"
"52584";"044661162X";"0"
"52584";"0451155750";"0"
"52584";"0451185277";"0"
"52584";"0786890436";"0"
"52614";"0440120470";"0"
"52790";"0345391802";"10"
"52853";"0425161722";"0"
"52853";"0440120470";"0"
"52853";"0440211727";"0"
"52853";"0446364762";"0"
"52853";"0451155750";"0"
"52853";"0515134368";"7"
"53174";"0345346971";"0"
"53174";"0345356578";"0"
"53174";"0765341972";"0"
"53174";"0786890436";"0"
"53220";"039914563X";"9"
"53220";"0440222818";"0"
"53392";"038533334X";"8"
"53392";"0440211727";"0"
"53456";"0425166619";"0"
"53729";"0446364762";"0"
"53729";"0553212583";"0"
"53775";"0440211727";"10"
"54208";"0786890436";"0"
"54220";"0553212583";"0"
"54335";"044661162X";"0"
"54403";"0451204050";"0"
"54453";"0312853238";"0"
"54622";"044661162X";"5"
"54812";"015216250X";"0"
"54884";"0425166619";"8"
"55006";"0440224829";"5"
"55006";"0451454243";"0"
"55075";"0380002450";"0"
"55398";"0345391802";"10"
"55490";"0688048730";"9"
"55492";"0345404777";"0"
"55492";"0380002450";"0"
"55492";"0440130913";"0"
"55492";"0440211727";"0"
"55492";"0440224829";"0"
"55492";"0515134368";"0"
"55492";"0553212583";"0"
"55492";"068983571X";"0"
"55502";"0440219078";"9"
"55548";"0425134350";"0"
"55548";"0440211727";"0"
"55548";"0553212583";"10"
"55734";"0440224829";"0"
"55789";"0380820447";"0"
"55799";"039914563X";"7"
"55858";"044661162X";"7"
"55892";"0786890436";"6"
"55927";"0440219078";"0"
"56007";"0786890436";"0"
"56102";"0440222818";"0"
"56198";"0440211727";"0"
"56271";"0753804700";"0"
"56307";"0345404777";"0"
"56307";"0440211727";"9"
"56307";"044661162X";"0"
"56406";"0345391802";"9"
"56406";"0765341972";"0"
"56447";"0440211727";"0"
"56447";"0440219078";"8"
"56447";"068983571X";"0"
"56625";"0440211727";"9"
"56654";"0425166619";"0"
"56663";"0440211727";"10"
"56791";"0345346971";"0"
"56791";"0345356578";"0"
"56856";"0345404777";"0"
"56856";"0440211727";"0"
"56959";"0440415993";"0"
"56998";"0394578791";"6"
"57234";"038533334X";"5"
"57528";"0440211727";"8"
"57725";"068983571X";"8"
"58191";"0425161722";"8"
"58258";"0440211727";"10"
"58363";"0385493800";"0"
"58556";"0380752115";"8"
"58792";"044661162X";"8"
"58921";"0440211727";"7"
"59038";"0440211727";"10"
"59172";"0440211727";"0"
"59172";"0446364762";"10"
"59172";"0451155750";"8"
"59209";"0440211727";"8"
"59269";"0451155750";"0"
"59620";"0451454243";"9"
"59706";"0345404777";"7"
"59727";"0345391802";"0"
"59727";"0440130913";"0"
"59727";"0451155750";"0"
"59820";"0451454243";"0"
"59912";"0345356578";"8"
"59971";"0345391802";"0"
"60050";"0380820447";"0"
"60244";"0345391802";"9"
"60244";"0380820447";"0"
"60244";"0440219078";"9"
"60244";"1551668785";"0"
"60263";"0345346971";"10"
"60277";"0553212583";"0"
"60427";"0765341972";"0"
"60445";"0440211727";"7"
"60684";"038533334X";"8"
"60895";"0753804700";"10"
"61028";"0440211727";"9"
"61028";"0515122408";"0"
"61147";"0425134350";"10"
"61427";"038533334X";"0"
"61619";"038533334X";"9"
"61619";"0425134350";"0"
"61619";"0425161722";"0"
"61774";"0385493800";"7"
"61845";"0515134368";"0"
"61852";"0451185277";"0"
"61901";"0394578791";"8"
"61917";"0786890436";"10"
"62069";"0440211727";"8"
"62074";"0440219078";"10"
"62239";"0451155750";"0"
"62339";"0753804700";"0"
"62378";"044661162X";"0"
"62575";"0671694049";"5"
"62755";"0440130913";"0"
"62755";"0440211727";"0"
"62881";"0440211727";"7"
"62881";"0515134368";"0"
"62966";"0373250339";"7"
"63394";"0380002450";"0"
"63452";"0440219078";"10"
"63865";"0440211727";"0"
"63956";"0451454243";"6"
"64310";"0440224829";"0"
"64537";"0440219078";"10"
"64836";"039914563X";"0"
"65032";"0440219078";"5"
"65387";"0440222818";"5"
"65584";"0425166619";"9"
"65584";"0451155750";"7"
"65665";"0440211727";"0"
"65710";"0440211727";"7"
"65769";"0451155750";"0"
"66073";"0451454243";"7"
"66455";"0440211727";"9"
"66523";"068983571X";"7"
"66765";"0385493800";"0"
"66912";"0440211727";"0"
"66942";"0786890436";"8"
"67034";"0440224829";"0"
"67236";"0765341972";"0"
"67286";"0451155750";"6"
"67544";"0002005018";"8"
"67910";"0345428544";"0"
"67997";"0394578791";"0"
"68256";"0345391802";"0"
"68256";"0451155750";"0"
"68344";"0345346971";"7"
"68344";"0345356578";"7"
"68436";"0312853238";"0"
"68555";"0425161722";"5"
"68555";"0440224829";"0"
"68555";"0451454243";"0"
"68555";"0553212583";"0"
"68650";"0451155750";"5"
"68760";"0064405052";"8"
"68886";"039914563X";"0"
"69042";"0440211727";"0"
"69078";"038533334X";"7"
"69093";"0440219078";"10"
"69149";"0440224829";"0"
"69232";"0385493800";"0"
"69232";"0425134350";"0"
"69232";"0440211727";"10"
"69310";"0440219078";"0"
"69355";"0440211727";"0"
"69355";"0440219078";"0"
"69355";"0451155750";"0"
"69355";"067175145X";"7"
"69389";"0451155750";"7"
"69405";"0425161722";"0"
"69405";"0440211727";"0"
"69406";"0753804700";"8"
"69658";"0440211727";"0"
"69697";"0515134368";"0"
"69697";"1551668785";"0"
"69698";"0440211727";"8"
"69709";"0425166619";"0"
"69929";"0425161722";"8"
"69971";"0345346971";"0"
"69971";"0451454243";"0"
"70052";"0345404777";"0"
"70138";"0553212583";"0"
"70205";"0440211727";"5"
"70318";"0064409457";"5"
"70345";"039914563X";"0"
"70415";"0440211727";"0"
"70435";"0385493800";"0"
"70666";"0440211727";"9"
"70713";"0753804700";"0"
"71164";"038533334X";"0"
"71207";"038533334X";"0"
"71207";"0553212583";"0"
"71234";"0765341972";"8"
"71285";"0440211727";"0"
"71490";"0380820447";"0"
"71505";"0425134350";"0"
"71634";"0440222818";"0"
"71662";"0451155750";"0"
"71884";"0385493800";"9"
"72005";"044661162X";"7"
"72099";"0440120470";"0"
"72145";"0345391802";"7"
"72531";"0451454243";"0"
"72575";"044661162X";"9"
"72992";"0440224829";"0"
"73142";"0345346971";"9"
"73196";"038533334X";"0"
"73196";"0440211727";"0"
"73303";"0451204050";"6"
"73394";"0440211727";"0"
"73394";"1551668785";"0"
"73467";"0440219078";"0"
"73469";"0440219078";"0"
"73542";"0440211727";"0"
"73550";"0440211727";"0"
"73651";"0152162577";"7"
"73681";"0425166619";"7"
"73906";"0345391802";"0"
"73923";"0553212583";"8"
"74026";"0345404777";"0"
"74286";"0553212583";"9"
"74413";"0385497679";"7"
"74547";"0425166619";"0"
"74630";"0786890436";"0"
"74833";"0765341972";"7"
"75063";"0440219078";"9"
"75081";"0345391802";"0"
"75081";"0440211727";"8"
"75093";"038533334X";"0"
"75591";"0515122408";"7"
"75595";"0451155750";"0"
"75860";"0380820447";"0"
"75860";"0440211727";"0"
"76151";"0671742566";"10"
"76168";"0553212583";"0"
"76223";"0451454243";"8"
"76351";"0385493800";"0"
"76351";"0425161722";"0"
"76352";"0345346971";"0"
"76352";"0345404777";"0"
"76352";"0380752115";"0"
"76352";"0425134350";"0"
"76352";"0425161722";"0"
"76352";"0425166619";"0"
"76352";"0440130913";"0"
"76352";"0440211727";"0"
"76352";"0440224829";"0"
"76352";"0446364762";"0"
"76352";"0451204050";"0"
"76352";"0515134368";"0"
"76352";"0671742566";"0"
"76483";"015216250X";"0"
"76626";"068983571X";"0"
"76660";"0553212583";"7"
"76888";"0553212583";"0"
"76915";"0440224829";"0"
"76942";"0345404777";"0"
"76942";"0425161722";"0"
"76942";"0451185277";"0"
"77072";"0440219078";"10"
"77181";"0425161722";"0"
"77370";"0380002450";"0"
"77383";"0380759497";"9"
"77724";"044661162X";"0"
"77735";"039914563X";"6"
"77767";"038533334X";"7"
"78312";"0345391802";"10"
"78438";"0451454243";"0"
"78545";"0440224829";"5"
"78722";"0345391802";"4"
"78783";"038533334X";"0"
"78783";"0440211727";"0"
"78783";"0449001954";"0"
"78783";"0515122408";"0"
"78783";"0553256785";"0"
"78783";"0786890436";"0"
"78834";"0786890436";"0"
"78973";"0345391802";"0"
"78973";"0425166619";"7"
"79182";"0786890436";"6"
"79186";"039914563X";"0"
"79186";"0425166619";"0"
"79186";"0440224829";"0"
"79719";"0440211727";"0"
"79740";"0345404777";"0"
"79743";"0553212583";"0"
"79754";"0451454243";"0"
"79852";"0425166619";"7"
"79854";"0440211727";"7"
"79923";"0440219078";"0"
"79957";"0440224829";"5"
"80538";"0345391802";"0"
"80642";"0451155750";"0"
"80684";"0440211727";"0"
"80776";"0440222818";"0"
"80810";"0786890436";"0"
"80945";"0440222818";"0"
"80954";"0765341972";"0"
"81207";"0380759497";"0"
"81298";"0440211727";"0"
"81492";"0440211727";"0"
"81578";"0440211727";"10"
"81739";"0765341972";"0"
"81848";"0425134350";"0"
"81927";"0440211727";"9"
"81977";"0451454243";"0"
"81980";"068983585X";"7"
"82144";"0440211727";"0"
"82159";"0515122408";"0"
"82653";"039914563X";"9"
"82699";"0440211727";"9"
"82797";"0786890436";"7"
"82831";"0440211727";"0"
"82893";"0345356578";"0"
"82893";"0440211727";"0"
"82926";"0425161722";"0"
"83034";"0765341972";"0"
"83160";"0374157065";"0"
"83214";"0440211727";"0"
"83496";"0345391802";"10"
"83587";"0553212583";"0"
"83637";"0425161722";"0"
"84024";"0440415993";"0"
"84459";"0425134350";"0"
"84786";"0440211727";"0"
"84900";"038533334X";"0"
"84900";"0451204050";"1"
"85122";"0440211727";"8"
"85426";"0440219078";"0"
"85526";"0002005018";"0"
"85656";"0440219078";"0"
"85701";"0345391802";"0"
"85757";"0440219078";"0"
"85787";"0451155750";"0"
"85872";"0753804700";"0"
"86202";"0152162445";"0"
"86720";"0380817144";"9"
"86835";"0451454243";"0"
"87141";"0345404777";"0"
"87141";"0385493800";"8"
"87141";"0425166619";"0"
"87141";"0440211727";"8"
"87555";"0553212583";"0"
"87555";"0765341972";"0"
"87742";"0345391802";"0"
"87746";"0425166619";"0"
"87746";"0440211727";"0"
"87746";"0451454243";"0"
"87746";"0765341972";"0"
"87760";"0786890436";"10"
"87807";"0440211727";"0"
"87964";"0425161722";"5"
"87964";"0440219078";"8"
"88160";"038533334X";"8"
"88605";"0451155750";"7"
"88620";"0671694049";"7"
"88652";"0394578791";"0"
"88677";"0380538504";"7"
"88793";"0380820447";"8"
"88793";"0451454243";"0"
"88882";"0345404777";"9"
"89551";"0786890436";"10"
"89602";"0312853238";"9"
"89602";"038533334X";"0"
"89602";"0765341972";"0"
"89602";"0786890436";"5"
"90049";"0786890436";"0"
"90198";"0440211727";"6"
"90417";"0440211727";"8"
"90456";"0446364762";"6"
"90542";"0753804700";"0"
"90614";"044661162X";"10"
"91017";"0425166619";"8"
"91017";"044661162X";"9"
"91058";"0385493800";"9"
"91203";"0440222818";"0"
"91342";"0515134368";"5"
"91437";"0515134368";"9"
"91449";"0345391802";"9"
"91633";"0425166619";"0"
"91685";"038533334X";"0"
"92011";"0439221684";"0"
"92018";"0345391802";"0"
"92142";"0753804700";"10"
"92283";"0385493800";"0"
"92329";"0345391802";"10"
"92398";"0385493800";"5"
"92696";"0440219078";"0"
"92807";"0440211727";"5"
"92853";"0753804700";"0"
"92869";"0515134368";"6"
"93047";"0064405052";"0"
"93085";"0440224829";"0"
"93092";"0451155750";"6"
"93126";"0440219078";"10"
"93130";"0345346971";"0"
"93179";"0385493800";"0"
"93194";"0440219078";"0"
"93341";"0753804700";"10"
"93405";"0440211727";"8"
"93426";"0380820447";"0"
"93732";"044661162X";"0"
"93769";"0515122408";"10"
"93791";"0425166619";"0"
"94207";"0786890436";"3"
"94213";"0449006557";"0"
"94313";"0440224829";"0"
"94347";"038533334X";"7"
"94347";"0394578791";"0"
"94396";"0425134350";"10"
"94519";"0451204050";"8"
"94519";"0786890436";"5"
"94787";"0671694049";"0"
"94999";"0753804700";"9"
"95173";"0380002450";"7"
"95210";"0553212583";"9"
"95353";"0440211727";"0"
"95359";"0345391802";"10"
"95359";"0345404777";"7"
"95359";"038533334X";"6"
"95359";"0440219078";"9"
"95359";"0765341972";"8"
"95516";"0425166619";"7"
"95932";"0440211727";"0"
"95991";"0345404777";"0"
"95991";"0440211727";"7"
"95991";"0515122408";"7"
"96054";"0002005018";"0"
"96054";"0064405052";"0"
"96054";"0440211727";"0"
"96054";"0446364762";"0"
"96320";"0451204050";"0"
"96554";"0345391802";"10"
"96771";"0425161722";"0"
"96814";"015216250X";"0"
"96821";"0440219078";"9"
"96827";"0440224829";"5"
"97025";"0590514776";"0"
"97179";"0446364762";"5"
"97721";"0425166619";"0"
"97754";"0451204050";"8"
"97906";"0671779338";"0"
"98230";"039914563X";"10"
"98235";"0312853238";"9"
"98316";"0425166619";"0"
"98320";"0440211727";"0"
"98391";"0373250339";"10"
"98391";"0515134368";"9"
"98391";"0892967994";"10"
"98391";"1551668785";"8"
"98405";"0671694049";"0"
"98596";"0440211727";"8"
"98655";"0451185277";"5"
"98723";"0440211727";"0"
"98741";"0380820447";"0"
"98741";"0440219078";"0"
"98741";"0440415993";"0"
"98741";"044661162X";"0"
"98758";"0765341972";"6"
"98787";"0345391802";"8"
"99146";"0312853238";"9"
"99277";"0425166619";"0"
"99347";"0380820447";"0"
"99766";"0345391802";"7"
"100035";"0440211727";"8"
"100088";"0440211727";"0"
"100459";"0440211727";"10"
"100459";"044661162X";"0"
"100644";"0345391802";"10"
"100648";"0440222818";"6"
"100832";"0753804700";"0"
"100846";"0515122408";"0"
"101051";"0345391802";"0"
"101209";"0671742566";"0"
"101214";"0446364762";"6"
"101305";"0440222818";"0"
"101529";"068983571X";"0"
"101606";"0425161722";"7"
"101620";"0440211727";"10"
"101626";"0380817144";"8"
"101835";"0425134350";"0"
"101851";"0440211727";"9"
"101910";"0394578791";"0"
"102542";"0345346971";"5"
"102542";"0345356578";"0"
"102647";"0345391802";"0"
"102647";"0425161722";"5"
"102647";"0440211727";"10"
"102647";"0440219078";"0"
"102647";"0440222818";"7"
"102647";"044661162X";"0"
"102647";"0515122408";"0"
"102731";"0440211727";"0"
"102842";"038533334X";"6"
"102945";"038533334X";"0"
"102967";"0345404777";"0"
"102967";"039914563X";"0"
"102967";"0425134350";"0"
"102967";"0425166619";"0"
"102967";"0440130913";"0"
"102967";"0440211727";"0"
"102967";"0440224829";"0"
"102967";"0446364762";"0"
"102967";"0515134368";"0"
"102967";"0786890436";"0"
"103028";"0553212583";"0"
"103171";"0786890436";"0"
"103630";"0440219078";"9"
"104062";"0440211727";"0"
"104113";"0380002450";"0"
"104144";"038533334X";"8"
"104268";"0380002450";"0"
"104311";"044661162X";"0"
"104334";"0440222818";"8"
"104399";"0425166619";"10"
"104429";"0440211727";"10"
"104489";"0451454243";"0"
"104489";"0553212583";"9"
"104636";"0380820447";"8"
"104636";"0440211727";"10"
"104636";"0440219078";"10"
"104636";"0440224829";"0"
"104665";"0425161722";"0"
"104665";"0440211727";"8"
"104665";"0440224829";"0"
"104925";"044661162X";"8"
"105028";"0440211727";"8"
"105054";"0440211727";"0"
"105124";"0440211727";"8"
"105517";"0345391802";"6"
"105517";"0425166619";"0"
"105517";"0440211727";"0"
"105517";"0451155750";"0"
"105596";"0385479689";"0"
"105655";"0345391802";"8"
"105746";"038533334X";"0"
"105968";"0515134368";"5"
"105979";"039914563X";"6"
"105979";"0440211727";"0"
"106007";"0451454243";"7"
"106114";"0345391802";"0"
"106225";"0345404777";"0"
"106225";"0440211727";"0"
"106225";"0553212583";"0"
"106503";"0380817144";"7"
"106768";"0451155750";"9"
"106816";"038533334X";"0"
"106891";"0440219078";"0"
"107081";"0425161722";"0"
"107244";"0440211727";"10"
"107301";"0765341972";"0"
"107326";"0451454243";"8"
"107453";"0440224829";"0"
"107784";"0425161722";"5"
"107951";"0425161722";"0"
"108081";"0440219078";"4"
"108182";"0451155750";"6"
"108237";"0394578791";"0"
"108261";"0440224829";"0"
"108285";"0440211727";"0"
"108285";"0440219078";"0"
"108336";"0345391802";"10"
"108800";"0440211727";"0"
"108950";"0765341972";"0"
"109084";"0385493800";"8"
"109265";"0425161722";"4"
"109349";"0440130913";"0"
"109416";"0440211727";"0"
"109491";"0380759497";"9"
"109532";"0380002450";"9"
"109649";"038533334X";"0"
"109727";"0385493800";"0"
"109899";"044661162X";"7"
"109901";"0451155750";"10"
"110069";"0440211727";"9"
"110076";"0440219078";"0"
"110081";"0440211727";"7"
"110214";"0440120470";"0"
"110214";"0553212583";"8"
"110373";"0425134350";"0"
"110771";"0345391802";"0"
"110814";"0440211727";"7"
"110826";"0753804700";"9"
"110887";"044661162X";"5"
"110912";"0374157065";"10"
"110934";"0440211727";"8"
"110973";"0345356578";"0"
"110973";"0440211727";"0"
"110973";"0553212583";"0"
"111174";"0440211727";"0"
"111356";"038533334X";"0"
"111733";"0440219078";"0"
"111816";"0440222818";"8"
"111827";"0440219078";"9"
"111888";"0425161722";"8"
"111944";"0380759497";"6"
"111947";"0440211727";"0"
"112001";"0440211727";"10"
"112001";"0786890436";"8"
"112026";"0380820447";"0"
"112026";"0425161722";"0"
"112026";"044661162X";"0"
"112083";"0345391802";"10"
"112093";"0385493800";"0"
"112093";"0440211727";"4"
"112188";"039914563X";"0"
"112512";"0345346971";"8"
"112544";"0440211727";"0"
"112790";"044661162X";"7"
"112881";"0380820447";"0"
"112931";"0786890436";"5"
"113270";"038533334X";"0"
"113519";"0425134350";"0"
"113519";"0451185277";"0"
"113904";"038533334X";"0"
"114018";"0440211727";"0"
"114185";"0440211727";"8"
"114217";"0440211727";"5"
"114243";"0440211727";"8"
"114245";"0440211727";"0"
"114368";"0385493800";"8"
"114368";"0440211727";"10"
"114414";"0440211727";"0"
"114414";"044661162X";"0"
"114444";"0590514776";"5"
"114544";"0380002450";"0"
"114634";"0345391802";"10"
"114698";"038533334X";"0"
"114827";"0553212583";"9"
"114868";"0425134350";"0"
"114988";"0380002450";"0"
"115002";"0380817144";"0"
"115003";"0385497679";"6"
"115003";"0440219078";"0"
"115097";"0425134350";"5"
"115120";"0385493800";"0"
"115120";"0440211727";"0"
"115120";"0440219078";"0"
"115231";"0451185277";"5"
"115234";"0345356578";"0"
"115266";"0345391802";"0"
"115277";"0753804700";"0"
"115435";"0380002450";"0"
"115435";"038533334X";"0"
"115488";"0440211727";"0"
"115572";"0451454243";"10"
"115655";"0440219078";"10"
"115679";"044661162X";"7"
"115692";"0385493800";"9"
"115973";"0394578791";"0"
"116032";"0385493800";"5"
"116160";"038533334X";"0"
"116343";"0440211727";"8"
"116763";"0385493800";"0"
"116828";"0786890436";"0"
"116866";"0002005018";"9"
"117306";"039914563X";"10"
"117467";"0440211727";"0"
"117489";"0449001954";"0"
"117557";"0425161722";"5"
"117802";"0451185277";"6"
"117852";"0440211727";"0"
"117877";"0451204050";"0"
"118320";"0451155750";"7"
"118333";"0553212583";"0"
"118471";"0449001954";"0"
"118518";"0440219078";"7"
"118587";"0425161722";"0"
"118644";"0765341972";"5"
"118683";"0380820447";"7"
"118923";"185424597X";"10"
"119085";"0671694049";"0"
"119413";"038533334X";"0"
"119413";"0385493800";"6"
"119415";"0345391802";"10"
"119575";"0380817144";"0"
"119575";"0425166619";"0"
"119580";"0440211727";"0"
"119594";"0380817144";"0"
"119748";"0753804700";"7"
"120093";"0440211727";"5"
"120093";"0451155750";"0"
"120396";"0345356578";"9"
"120396";"0345404777";"10"
"120396";"039914563X";"7"
"120396";"0440222818";"9"
"120548";"0440211727";"0"
"120548";"068983571X";"0"
"120599";"0440211727";"0"
"120601";"0425134350";"0"
"120677";"0345391802";"8"
"120942";"0786890436";"7"
"121083";"0440130913";"0"
"121083";"0440211727";"0"
"121170";"0765341972";"7"
"121254";"0440211727";"0"
"121530";"044661162X";"7"
"121579";"0380817144";"0"
"121719";"0440219078";"8"
"121779";"0425161722";"0"
"121779";"067175145X";"0"
"122203";"0515134368";"0"
"122484";"038533334X";"0"
"122506";"0440211727";"0"
"122716";"0425134350";"0"
"122793";"1551668785";"9"
"122888";"0440219078";"7"
"123039";"0786890436";"7"
"123094";"0553212583";"8"
"123154";"0440211727";"6"
"123215";"0451454243";"0"
"123257";"0380759497";"10"
"123460";"0440211727";"7"
"123531";"0440222818";"0"
"123544";"0440211727";"9"
"123629";"0002005018";"9"
"123687";"0385493800";"0"
"123744";"0425166619";"7"
"123790";"0440211727";"0"
"123883";"0671742566";"5"
"123981";"038533334X";"0"
"123981";"0425166619";"8"
"123981";"0440211727";"0"
"123981";"0446364762";"5"
"123981";"067175145X";"0"
"123981";"0786890436";"0"
"124066";"0786890436";"0"
"124078";"0786890436";"0"
"124322";"0440211727";"0"
"124487";"0440211727";"0"
"124487";"0440222818";"7"
"124489";"0440120470";"0"
"124489";"044661162X";"0"
"124489";"0553212583";"0"
"124597";"0345346971";"0"
"124635";"0380817144";"0"
"124720";"0385493800";"0"
"124841";"0394578791";"8"
"124852";"0380817144";"8"
"124867";"0380817144";"0"
"124874";"0786890436";"0"
"124942";"0425161722";"0"
"124942";"0440120470";"0"
"124942";"0440211727";"0"
"125039";"015216250X";"9"
"125133";"0515122408";"0"
"125469";"0440219078";"8"
"125692";"0152162577";"0"
"125692";"0345404777";"0"
"125692";"0380820447";"0"
"125892";"0345391802";"8"
"126149";"0553212583";"8"
"126236";"0425166619";"10"
"126492";"0440211727";"7"
"126492";"0451155750";"7"
"126546";"0753804700";"9"
"126604";"0671694049";"0"
"126677";"0440224829";"0"
"126693";"0425166619";"9"
"126697";"0451454243";"0"
"126726";"0440211727";"0"
"126736";"0425166619";"5"
"126736";"0440211727";"6"
"126736";"0765341972";"5"
"126827";"0373250339";"0"
"126860";"0553212583";"10"
"127048";"067175145X";"6"
"127049";"0440219078";"9"
"127065";"0440219078";"9"
"127122";"0380820447";"5"
"127129";"068983571X";"0"
"127200";"0345346971";"8"
"127200";"0345356578";"6"
"127200";"0440211727";"0"
"127200";"0671694049";"6"
"127233";"0373250339";"0"
"127233";"0380002450";"0"
"127233";"0380820447";"0"
"127359";"0380820447";"0"
"127359";"0440415993";"0"
"127429";"0425134350";"0"
"127429";"0440211727";"0"
"127429";"0440219078";"0"
"127429";"0515134368";"0"
"127826";"0345391802";"0"
"127826";"0380820447";"0"
"127914";"0451204050";"0"
"128085";"0765341972";"0"
"128406";"0440211727";"5"
"128610";"0451454243";"0"
"128696";"0345391802";"0"
"128696";"0553212583";"0"
"128835";"0425134350";"0"
"128835";"0451155750";"9"
"129008";"0786890436";"0"
"129074";"0380817144";"8"
"129358";"0671779338";"0"
"129373";"0515134368";"0"
"129465";"039914563X";"0"
"129465";"0425134350";"0"
"129489";"0425166619";"10"
"129531";"0440219078";"10"
"129690";"0440211727";"0"
"129716";"067175145X";"0"
"129783";"0440211727";"8"
"129851";"0440219078";"0"
"129851";"0765341972";"4"
"130150";"0440211727";"0"
"130426";"0515134368";"0"
"130426";"0786890436";"0"
"130474";"0385493800";"10"
"130474";"0439221714";"0"
"130474";"0440211727";"0"
"130474";"0440224829";"0"
"130474";"0446364762";"0"
"130474";"0786890436";"0"
"130543";"0553212583";"0"
"130571";"0425134350";"0"
"130571";"0440211727";"0"
"130636";"0345391802";"10"
"131027";"068983571X";"0"
"131045";"0786890436";"8"
"131046";"0440211727";"0"
"131046";"0451454243";"0"
"131154";"0380817144";"10"
"131178";"0385493800";"5"
"131363";"0345391802";"0"
"131594";"0449006557";"0"
"131597";"0440222818";"6"
"131655";"0765341972";"9"
"131686";"0345428544";"6"
"131837";"0451454243";"0"
"131837";"0671779338";"0"
"132012";"0385493800";"0"
"132133";"0786890436";"0"
"132173";"0425161722";"0"
"132199";"044661162X";"0"
"132376";"0753804700";"9"
"132425";"0385479689";"7"
"132663";"0451454243";"0"
"132978";"0440211727";"9"
"132996";"0440211727";"7"
"133612";"0394578791";"8"
"133689";"0064405052";"0"
"133786";"0440211727";"0"
"133822";"0786890436";"0"
"133935";"039914563X";"0"
"134120";"0425166619";"7"
"134225";"0451454243";"0"
"134225";"0553212583";"0"
"134483";"0671694049";"8"
"134869";"0880701102";"0"
"135045";"0380820447";"0"
"135045";"0440211727";"8"
"135045";"0451155750";"0"
"135045";"0553212583";"4"
"135149";"0345404777";"0"
"135149";"0440211727";"8"
"135149";"0440224829";"0"
"135149";"0451185277";"0"
"135294";"0440211727";"0"
"135324";"044661162X";"0"
"135351";"0345391802";"8"
"135376";"0446364762";"7"
"135398";"0440219078";"0"
"135458";"0345391802";"0"
"135458";"0425166619";"0"
"135663";"0380817144";"0"
"135703";"0345391802";"0"
"135785";"0440224829";"8"
"135831";"038533334X";"0"
"135831";"0385493800";"0"
"135895";"015216250X";"8"
"135996";"0425161722";"7"
"136011";"0515122408";"8"
"136205";"0385493800";"0"
"136237";"0440224829";"0"
"136252";"0451204050";"0"
"136252";"0515134368";"0"
"136290";"0765341972";"8"
"136291";"067175145X";"0"
"136396";"0440211727";"0"
"136465";"0440224829";"0"
"136473";"0425161722";"0"
"136473";"0440211727";"0"
"136473";"0440222818";"0"
"136491";"0440211727";"10"
"136491";"0440219078";"10"
"136667";"0786890436";"8"
"136866";"0753804700";"0"
"137136";"0440222818";"0"
"137211";"0345346971";"0"
"137589";"0385493800";"8"
"137589";"0440211727";"0"
"137589";"0440219078";"0"
"137684";"039914563X";"8"
"137688";"0374157065";"0"
"137688";"0451454243";"5"
"138010";"0380820447";"9"
"138097";"0765341972";"7"
"138198";"0440224829";"0"
"138300";"0380002450";"0"
"138301";"0515134368";"0"
"138439";"0515122408";"0"
"138467";"0440219078";"9"
"138543";"0425166619";"0"
"138602";"0425134350";"0"
"138791";"0753804700";"6"
"138844";"0440211727";"0"
"138844";"0892967994";"0"
"138995";"0451155750";"9"
"139387";"038533334X";"0"
"139467";"038533334X";"9"
"139642";"0440211727";"0"
"139796";"0345391802";"5"
"139797";"0440211727";"10"
"139824";"0385493800";"8"
"140036";"0064405052";"0"
"140358";"0345404777";"5"
"140358";"0385493800";"5"
"140358";"0440211727";"5"
"140787";"039914563X";"0"
"140824";"0440211727";"0"
"141010";"0425166619";"7"
"141074";"0345391802";"0"
"141328";"0425134350";"0"
"141444";"0440211727";"5"
"141444";"0440224829";"5"
"141444";"0590514776";"0"
"141444";"0786890436";"8"
"141493";"0380820447";"0"
"141493";"0440211727";"0"
"141493";"0440219078";"0"
"141710";"038533334X";"0"
"141710";"0425161722";"0"
"141710";"0440211727";"0"
"141710";"0786890436";"0"
"141902";"0380002450";"0"
"141974";"038533334X";"7"
"142121";"0312853238";"10"
"142256";"0440130913";"0"
"142331";"0394578791";"0"
"142454";"3442098424";"10"
"142524";"0671694049";"0"
"142524";"0765341972";"5"
"142636";"0440219078";"9"
"142801";"0440211727";"0"
"142823";"0553212583";"0"
"143104";"0440219078";"0"
"143175";"0380820447";"0"
"143175";"0440219078";"0"
"143175";"0440222818";"0"
"143199";"0440211727";"0"
"143253";"0440211727";"0"
"143253";"0553212583";"0"
"143426";"044661162X";"0"
"143594";"039914563X";"0"
"143718";"0440219078";"0"
"143743";"038533334X";"8"
"143939";"0440211727";"9"
"144114";"0394578791";"0"
"144214";"0380820447";"0"
"144531";"0345404777";"0"
"144531";"0425134350";"0"
"144531";"0440211727";"0"
"144531";"0451188209";"0"
"144619";"0385493800";"9"
"144647";"0753804700";"5"
"144691";"038533334X";"7"
"144910";"0064405052";"9"
"144910";"0440211727";"0"
"145369";"0440211727";"0"
"145451";"0440211727";"0"
"145451";"0440224829";"0"
"145619";"0380820447";"0"
"145619";"0385493800";"0"
"145641";"038533334X";"0"
"146042";"3442098424";"0"
"146057";"0380817144";"10"
"146097";"039914563X";"0"
"146113";"0380759497";"8"
"146230";"0385493800";"6"
"146266";"0385493800";"0"
"146298";"0671742566";"0"
"146348";"0385493800";"8"
"146517";"0440211727";"0"
"146573";"0425166619";"0"
"146803";"0385493800";"8"
"147164";"0786890436";"0"
"147307";"0671742566";"5"
"147401";"0451155750";"0"
"147420";"068983571X";"10"
"147762";"0385493800";"0"
"147900";"043922165X";"0"
"147900";"0439221676";"9"
"148028";"0451155750";"0"
"148053";"0446364762";"0"
"148133";"0345391802";"0"
"148258";"0064405052";"9"
"148258";"0765341972";"0"
"148263";"0451454243";"0"
"148572";"0786890436";"8"
"148586";"0440211727";"0"
"148712";"044661162X";"6"
"148744";"038533334X";"0"
"148744";"0425134350";"0"
"148744";"0440219078";"0"
"148744";"0440222818";"0"
"148744";"0451185277";"0"
"148744";"0515122408";"0"
"148744";"067175145X";"0"
"149061";"0765341972";"0"
"149084";"0385493800";"0"
"149084";"0440211727";"0"
"149373";"0440211727";"0"
"149647";"0451454243";"0"
"149690";"0553212583";"0"
"149768";"0440219078";"10"
"150124";"0451454243";"0"
"150275";"0425161722";"0"
"150327";"0440211727";"5"
"150627";"0440222818";"0"
"150973";"0440130913";"0"
"150979";"015216250X";"0"
"150979";"0440211727";"8"
"150979";"0440219078";"10"
"151081";"0394578791";"0"
"151101";"0380820447";"0"
"151107";"038533334X";"0"
"151405";"0425166619";"10"
"151459";"0425134350";"0"
"151503";"0425166619";"0"
"151553";"0380817144";"8"
"151577";"0553212583";"10"
"151824";"0451204050";"0"
"152099";"0671694049";"7"
"152186";"0440222818";"0"
"152249";"0440219078";"0"
"152579";"0345391802";"0"
"152645";"038533334X";"0"
"152696";"044661162X";"0"
"152827";"0060973129";"7"
"153254";"0440211727";"9"
"153257";"0425161722";"0"
"153322";"0440219078";"0"
"153361";"0440211727";"9"
"153361";"0451204050";"0"
"153619";"0440224829";"1"
"153653";"0440211727";"0"
"153662";"0345404777";"0"
"153662";"0380820447";"0"
"153662";"038533334X";"0"
"153662";"0385493800";"9"
"153662";"0440211727";"10"
"153662";"0440219078";"0"
"153662";"0449006557";"0"
"153662";"0786890436";"0"
"153718";"0515134368";"0"
"154160";"0440211727";"0"
"154409";"0786890436";"2"
"154469";"0451155750";"10"
"155014";"0385493800";"0"
"155014";"0440211727";"6"
"155014";"0553212583";"0"
"155043";"0451185277";"5"
"155122";"1551668785";"8"
"155147";"0380002450";"0"
"155463";"0765341972";"8"
"155807";"044661162X";"8"
"155837";"0345391802";"0"
"156150";"0380002450";"0"
"156150";"0449006557";"9"
"156150";"0451454243";"7"
"157101";"0786890436";"0"
"157126";"0440211727";"7"
"157273";"0380817144";"6"
"157273";"0451454243";"9"
"157273";"0515122408";"0"
"157604";"0345404777";"8"
"157660";"038533334X";"5"
"157969";"0374157065";"8"
"158254";"0380002450";"0"
"158254";"0440211727";"0"
"158295";"0440211727";"0"
"158295";"1551668785";"0"
"158433";"0425161722";"8"
"159033";"0515122408";"8"
"159040";"0345391802";"0"
"159230";"039914563X";"0"
"159295";"0440222818";"7"
"159376";"0425166619";"0"
"159376";"0440130913";"0"
"159376";"0515122408";"0"
"159440";"0440211727";"0"
"159858";"0345404777";"0"
"159858";"0385493800";"0"
"160074";"0345391802";"0"
"160401";"0786890436";"0"
"160511";"0515122408";"0"
"160571";"038533334X";"5"
"160803";"0786890436";"8"
"160812";"0449131548";"0"
"161250";"0515122408";"10"
"161391";"0380820447";"8"
"161423";"0385493800";"8"
"161462";"0440211727";"10"
"161476";"0440219078";"0"
"161750";"0515134368";"7"
"161752";"0440219078";"0"
"161873";"0373245696";"3"
"161880";"0385493800";"6"
"162052";"0064405052";"10"
"162052";"0440219078";"10"
"162052";"0515122408";"0"
"162301";"044661162X";"0"
"162311";"0671742566";"0"
"162564";"1562477528";"0"
"162590";"0553212583";"0"
"162639";"038533334X";"0"
"162639";"0440211727";"9"
"162639";"0451185277";"0"
"162639";"0671742566";"0"
"162662";"0385493800";"9"
"162738";"0440130913";"0"
"162738";"0440211727";"5"
"162840";"0425161722";"0"
"162909";"0440219078";"6"
"162957";"0515134368";"0"
"163202";"0440211727";"0"
"163221";"0753804700";"8"
"163358";"0425134350";"0"
"163433";"0765341972";"0"
"163488";"0345346971";"0"
"163512";"038533334X";"0"
"163570";"0440211727";"9"
"163804";"0380002450";"0"
"163851";"0425134350";"8"
"163875";"0440211727";"0"
"163925";"0753804700";"7"
"164193";"0440224829";"0"
"164323";"0440211727";"9"
"164465";"0439221714";"0"
"164728";"0765341972";"7"
"164828";"0446364762";"9"
"164828";"0515134368";"0"
"164918";"0440219078";"8"
"164984";"0753804700";"8"
"165232";"0515134368";"0"
"165268";"0440211727";"7"
"165308";"0064405052";"0"
"165308";"0345391802";"0"
"165308";"0345428544";"9"
"165308";"0380820447";"7"
"165573";"0152162577";"0"
"165758";"039914563X";"5"
"165759";"0345404777";"0"
"165759";"0440224829";"0"
"166123";"0345356578";"0"
"166123";"0440211727";"0"
"166123";"0446364762";"0"
"166123";"0671694049";"0"
"166596";"0440211727";"0"
"166596";"0515122408";"0"
"166733";"0440219078";"10"
"166758";"038533334X";"7"
"166793";"0394578791";"8"
"166824";"0671694049";"5"
"167189";"039914563X";"0"
"167189";"0425134350";"0"
"167189";"0451155750";"0"
"167349";"0345404777";"0"
"167349";"0425161722";"0"
"167349";"0449006557";"0"
"167349";"0451204050";"0"
"167471";"0440211727";"0"
"167600";"0440219078";"10"
"167800";"0380752115";"0"
"167800";"0765341972";"0"
"167863";"0385493800";"10"
"168034";"0440211727";"0"
"168035";"0440211727";"9"
"168332";"0440211727";"0"
"168461";"038533334X";"0"
"168642";"0451454243";"0"
"168954";"0440415993";"10"
"168971";"039914563X";"9"
"168999";"0380820447";"0"
"169187";"0374157065";"0"
"169189";"0765341972";"0"
"169233";"0553212583";"0"
"169309";"044661162X";"6"
"169465";"0440211727";"7"
"169663";"0440415993";"0"
"169699";"0440211727";"0"
"169699";"0446364762";"0"
"169699";"0765341972";"0"
"169755";"015216250X";"0"
"169755";"0152162577";"0"
"169824";"0345391802";"8"
"170184";"044661162X";"0"
"170227";"0345391802";"0"
"170229";"0385493800";"0"
"170415";"0380002450";"7"
"170513";"0440224829";"0"
"170518";"0345404777";"0"
"170518";"038533334X";"0"
"170518";"0440211727";"0"
"170518";"0446364762";"0"
"170518";"0449006557";"0"
"170518";"0451185277";"0"
"170564";"0440224829";"10"
"170634";"0380820447";"0"
"170634";"0385493800";"5"
"170742";"0373871562";"8"
"170742";"0515122408";"0"
"170791";"015216250X";"0"
"170810";"0446364762";"0"
"170869";"0515134368";"0"
"170947";"0385493800";"9"
"170947";"0440211727";"0"
"170969";"038533334X";"0"
"170997";"0440211727";"0"
"171078";"068983571X";"0"
"171118";"015216250X";"0"
"171165";"0451454243";"0"
"171638";"0380817144";"6"
"171765";"039914563X";"0"
"171783";"0425166619";"0"
"172030";"0425166619";"0"
"172030";"0590514776";"0"
"172175";"0440224829";"5"
"172374";"0380002450";"10"
"172374";"0440211727";"0"
"172454";"0425166619";"7"
"172512";"0345404777";"0"
"172512";"0440211727";"8"
"172512";"0515134368";"0"
"172742";"0345356578";"0"
"172742";"0440211727";"0"
"172742";"0440219078";"0"
"172742";"0515122408";"0"
"173111";"0380820447";"8"
"173190";"0380002450";"9"
"173216";"0440211727";"0"
"173415";"0385493800";"0"
"173415";"039914563X";"0"
"173485";"0671694049";"0"
"173951";"038533334X";"0"
"174092";"0753804700";"9"
"174140";"0373245696";"0"
"174304";"0440211727";"0"
"174304";"0440219078";"0"
"174304";"0446364762";"0"
"174304";"0786890436";"0"
"174633";"0440219078";"9"
"174707";"0440211727";"0"
"174726";"0345391802";"0"
"174726";"0451204050";"5"
"174791";"0590514776";"0"
"174892";"0425166619";"8"
"175000";"0345391802";"0"
"175003";"0345404777";"0"
"175003";"0440130913";"0"
"175003";"0440211727";"0"
"175052";"0449006557";"0"
"175101";"0385493800";"5"
"175271";"038533334X";"7"
"175329";"0440211727";"0"
"175509";"0385493800";"7"
"175822";"0345391802";"0"
"175886";"0345346971";"0"
"175888";"0440224829";"0"
"176037";"067175145X";"7"
"176159";"0345391802";"5"
"176214";"0515134368";"5"
"176293";"0440130913";"0"
"176477";"0440211727";"0"
"176902";"0380820447";"0"
"176902";"0590514776";"0"
"177040";"0446364762";"0"
"177072";"0440211727";"7"
"177073";"0440211727";"0"
"177186";"0425161722";"0"
"177195";"0440224829";"9"
"177233";"0440219078";"9"
"177262";"0345391802";"9"
"177432";"0345391802";"8"
"177432";"0380002450";"7"
"177458";"0002005018";"0"
"177458";"015216250X";"7"
"177458";"0152162577";"7"
"177458";"0345346971";"0"
"177458";"0345404777";"0"
"177458";"0440211727";"0"
"177634";"0440211727";"8"
"177690";"0380820447";"8"
"178035";"0440211727";"8"
"178130";"0425166619";"0"
"178181";"0385493800";"0"
"178181";"0425166619";"0"
"178181";"0440211727";"0"
"178199";"0380820447";"7"
"178199";"0394578791";"6"
"178229";"0515134368";"0"
"178240";"0440211727";"9"
"178451";"0440224829";"0"
"178522";"0385493800";"0"
"178613";"0394578791";"7"
"178667";"0380002450";"6"
"178667";"0440415993";"0"
"178839";"038533334X";"0"
"178920";"0553212583";"8"
"178950";"0380759497";"0"
"178950";"0515122408";"0"
"179411";"0440211727";"0"
"179718";"0380820447";"7"
"179733";"0440224829";"0"
"179733";"0451155750";"0"
"179744";"0553212583";"0"
"179744";"0786890436";"0"
"179923";"0753804700";"0"
"180042";"0440211727";"8"
"180586";"0440211727";"0"
"180586";"0440222818";"0"
"180860";"0345346971";"8"
"180917";"0385493800";"0"
"181077";"0440211727";"0"
"181254";"067175145X";"0"
"181553";"038533334X";"0"
"181916";"0440222818";"0"
"182053";"0440211727";"0"
"182085";"0440211727";"0"
"182442";"0345404777";"0"
"182442";"038533334X";"8"
"182442";"0425161722";"0"
"182459";"0440211727";"10"
"182576";"0765341972";"10"
"182744";"0440219078";"0"
"182746";"0440211727";"0"
"182763";"0753804700";"8"
"182838";"0345428544";"8"
"182987";"0440130913";"0"
"182987";"0451155750";"0"
"182993";"0373250339";"0"
"182993";"0440219078";"0"
"183103";"039914563X";"0"
"183187";"0394578791";"0"
"183187";"0440211727";"0"
"183196";"0345428544";"0"
"183436";"0345391802";"0"
"183597";"0765341972";"0"
"183800";"0064405052";"0"
"183995";"0440211727";"0"
"184241";"0765341972";"5"
"184299";"0345391802";"10"
"184299";"0425161722";"0"
"184299";"0440211727";"0"
"184421";"038533334X";"6"
"184435";"0345391802";"0"
"184479";"0380002450";"7"
"184483";"0425166619";"0"
"184513";"0440211727";"0"
"184532";"0440211727";"0"
"184532";"0451155750";"8"
"184699";"038533334X";"0"
"185176";"039914563X";"9"
"185233";"0425166619";"0"
"185233";"0440211727";"0"
"185233";"0446364762";"0"
"185233";"044661162X";"0"
"185233";"0515134368";"0"
"185275";"0440211727";"0"
"185308";"0440222818";"0"
"185384";"0064405052";"0"
"185384";"0440211727";"0"
"185450";"0385493800";"0"
"185514";"0345391802";"0"
"185519";"0345404777";"0"
"185771";"0553212583";"0"
"186010";"0451155750";"8"
"186039";"0671779338";"0"
"186312";"0425166619";"5"
"186570";"0425134350";"0"
"186837";"0440211727";"0"
"186969";"0446364762";"0"
"187145";"038533334X";"0"
"187145";"0451454243";"0"
"187170";"0425134350";"0"
"187517";"0440211727";"0"
"187613";"0440219078";"9"
"187624";"0440211727";"0"
"187829";"0440130913";"0"
"187945";"0345356578";"0"
"188010";"0553212583";"0"
"188022";"0765341972";"0"
"188106";"0515122408";"6"
"188379";"0449001954";"0"
"188396";"0451155750";"7"
"188676";"0786890436";"5"
"188951";"015216250X";"10"
"188966";"0440224829";"0"
"189066";"0425166619";"0"
"189334";"0440211727";"0"
"189339";"0425166619";"6"
"189412";"0440219078";"9"
"189516";"0385493800";"0"
"189516";"0440222818";"5"
"189747";"0440211727";"9"
"189835";"0440219078";"5"
"189835";"0786890436";"5"
"189848";"0753804700";"8"
"190033";"0345404777";"0"
"190709";"0345346971";"0"
"190844";"0425166619";"0"
"190925";"0380817144";"0"
"190925";"0380820447";"0"
"190925";"0440224829";"0"
"190925";"0451454243";"0"
"190925";"0515122408";"0"
"190925";"0786890436";"0"
"190925";"0892967994";"0"
"190925";"1551668785";"0"
"191188";"0440211727";"0"
"191506";"0345391802";"9"
"191521";"0753804700";"0"
"191724";"0440211727";"8"
"191841";"044661162X";"0"
"191873";"0440219078";"8"
"191883";"0425134350";"10"
"192022";"0345428544";"7"
"192033";"0440211727";"0"
"192245";"0440211727";"8"
"192353";"0440211727";"0"
"192665";"0374157065";"8"
"192996";"0753804700";"5"
"193017";"0451204050";"9"
"193458";"0765341972";"7"
"193529";"0425134350";"0"
"193529";"0425166619";"5"
"193557";"0446364762";"8"
"193560";"0753804700";"0"
"193676";"0440211727";"0"
"193746";"0061064505";"0"
"193798";"0451454243";"0"
"194600";"0440211727";"0"
"194803";"0394578791";"0"
"195041";"039914563X";"5"
"195241";"0440211727";"7"
"195469";"0440211727";"0"
"195694";"0425166619";"0"
"195901";"0440219078";"10"
"195904";"038533334X";"4"
"196047";"0440211727";"10"
"196047";"0440222818";"9"
"196077";"0380002450";"0"
"196077";"0380820447";"0"
"196077";"0425161722";"0"
"196077";"0440219078";"0"
"196077";"0765341972";"4"
"196077";"0786890436";"0"
"196137";"044661162X";"0"
"196160";"0345391802";"10"
"196191";"0440219078";"8"
"196662";"015216250X";"0"
"196688";"0345391802";"7"
"196738";"0345404777";"9"
"196915";"0425166619";"0"
"197354";"067175145X";"0"
"197654";"0385493800";"0"
"197659";"0374157065";"9"
"197659";"0385493800";"10"
"197659";"039914563X";"0"
"197659";"0440211727";"8"
"197659";"0765341972";"5"
"197659";"1558505377";"7"
"197687";"0440219078";"10"
"197728";"0440211727";"0"
"197775";"0380002450";"0"
"197775";"0451155750";"0"
"197942";"0345391802";"7"
"198038";"0385493800";"6"
"198331";"0440219078";"5"
"198412";"0440211727";"0"
"198412";"0440219078";"0"
"198564";"0440211727";"0"
"198621";"0380759497";"0"
"198692";"067175145X";"0"
"198711";"0064405052";"0"
"198711";"0380820447";"0"
"198711";"0425134350";"0"
"198711";"0440211727";"0"
"198711";"0440219078";"0"
"198711";"0440224829";"0"
"198711";"0515122408";"0"
"198711";"0671742566";"0"
"198711";"1558505377";"0"
"199025";"0440211727";"7"
"199431";"0440219078";"0"
"199444";"0446364762";"7"
"199510";"0425166619";"0"
"199515";"0515134368";"0"
"199795";"0449006557";"0"
"199935";"0312853238";"8"
"199953";"0440211727";"8"
"200000";"0553212583";"10"
"200246";"0425166619";"0"
"200273";"0002005018";"8"
"200643";"0385493800";"0"
"200674";"0345404777";"0"
"200674";"0385493800";"0"
"200674";"0425166619";"0"
"200674";"0440211727";"0"
"200674";"067175145X";"0"
"200993";"068983571X";"8"
"201017";"0446364762";"0"
"201017";"0451188209";"0"
"201290";"0553212583";"0"
"201349";"0385493800";"0"
"201506";"0345391802";"0"
"201526";"0440211727";"0"
"201526";"0440219078";"0"
"201674";"0425166619";"8"
"201674";"0440211727";"0"
"201760";"0440219078";"0"
"201760";"0451155750";"0"
"201763";"0590514776";"8"
"201776";"0440211727";"10"
"201969";"044661162X";"8"
"201975";"0385493800";"0"
"202016";"0440211727";"0"
"202124";"0786890436";"8"
"202127";"0440211727";"0"
"202528";"0440222818";"8"
"202797";"0440219078";"10"
"202885";"0440130913";"0"
"203075";"0553212583";"8"
"203240";"0440219078";"0"
"203280";"0671694049";"0"
"203280";"1551668785";"0"
"203379";"0152162577";"0"
"203441";"0425134350";"9"
"203506";"038533334X";"0"
"203506";"0440211727";"0"
"203649";"0440211727";"0"
"203799";"0671742566";"0"
"203799";"068983571X";"0"
"203893";"0440219078";"9"
"203968";"039914563X";"0"
"203968";"0440211727";"0"
"203968";"0553212583";"0"
"203981";"0425161722";"5"
"204400";"0440224829";"0"
"204522";"0440222818";"0"
"204663";"038533334X";"7"
"204864";"044661162X";"0"
"204864";"0765341972";"0"
"204864";"0786890436";"8"
"204964";"0380002450";"0"
"205038";"038533334X";"0"
"205040";"0345391802";"0"
"205059";"0440211727";"0"
"205285";"038533334X";"5"
"205426";"0451155750";"0"
"205473";"0064405052";"10"
"205473";"0440211727";"0"
"205502";"0553212583";"9"
"205517";"0425166619";"7"
"205735";"0440130913";"0"
"205735";"0440211727";"0"
"205980";"038533334X";"0"
"206016";"0152162445";"7"
"206016";"015216250X";"10"
"206016";"0152162577";"10"
"206107";"038533334X";"5"
"206171";"0449006557";"6"
"206243";"0753804700";"0"
"206375";"0440211727";"0"
"206438";"0380002450";"0"
"206440";"0440211727";"5"
"206534";"0671694049";"0"
"206553";"0451155750";"0"
"206567";"0451204050";"5"
"206567";"0451454243";"0"
"206567";"0880701102";"0"
"206573";"0064405052";"10"
"207259";"0440224829";"6"
"207291";"0765341972";"0"
"207341";"0440211727";"7"
"207494";"0380817144";"8"
"207499";"0385493800";"3"
"207499";"0449001954";"0"
"207499";"0515122408";"0"
"207702";"038533334X";"7"
"207727";"0380002450";"0"
"207965";"038533334X";"0"
"208059";"0374157065";"6"
"208141";"0385497679";"0"
"208147";"0440130913";"0"
"208147";"0440222818";"0"
"208236";"0440224829";"0"
"208238";"0385479689";"0"
"208251";"0345391802";"7"
"208261";"0385479689";"0"
"208376";"0440222818";"10"
"208378";"0440211727";"7"
"208406";"0440211727";"0"
"208406";"0440219078";"0"
"208558";"0440219078";"8"
"208605";"0440219078";"5"
"208641";"0425134350";"0"
"208663";"0786890436";"5"
"208671";"0380820447";"0"
"208829";"0440211727";"0"
"208829";"0553212583";"0"
"209160";"0440211727";"0"
"209160";"0553212583";"10"
"209163";"0374157065";"0"
"209174";"0380820447";"0"
"209238";"0380820447";"6"
"209373";"0440211727";"0"
"209373";"0440219078";"0"
"209373";"0765341972";"0"
"209516";"0425166619";"0"
"209527";"0553212583";"0"
"209548";"0373250339";"7"
"209765";"0345391802";"10"
"209875";"0425166619";"0"
"210485";"0345346971";"9"
"210485";"0380759497";"0"
"210685";"0553212583";"7"
"210717";"0440211727";"8"
"210717";"0451185277";"0"
"210792";"0440211727";"0"
"210926";"0002005018";"9"
"210959";"0671694049";"8"
"211041";"0786890436";"7"
"211068";"0440219078";"9"
"211231";"0345391802";"10"
"211231";"0440211727";"0"
"211426";"0345391802";"10"
"211426";"0380002450";"0"
"211426";"0440120470";"0"
"211426";"0440211727";"0"
"211426";"0440224829";"0"
"211426";"0451155750";"0"
"211426";"0671694049";"0"
"211426";"068983571X";"0"
"211937";"0451155750";"0"
"212260";"0440219078";"10"
"212427";"0440211727";"0"
"212467";"0671742566";"0"
"212628";"0451155750";"9"
"212789";"038533334X";"0"
"212898";"0425161722";"0"
"212898";"0425166619";"0"
"212898";"0440211727";"0"
"212898";"0446364762";"0"
"212898";"0515122408";"0"
"212898";"0553212583";"0"
"212904";"0385493800";"3"
"212923";"0440211727";"0"
"212923";"0515134368";"2"
"213098";"0440219078";"9"
"213150";"0345404777";"0"
"213150";"0425134350";"0"
"213150";"067175145X";"5"
"213350";"0385479689";"0"
"213350";"0394578791";"0"
"213410";"0380002450";"0"
"213410";"0440219078";"0"
"213531";"044661162X";"8"
"213780";"0380820447";"4"
"214133";"0345404777";"5"
"214651";"0515134368";"0"
"214786";"0345404777";"0"
"214786";"0425161722";"8"
"214786";"0440211727";"0"
"214786";"0671694049";"0"
"214826";"0345404777";"5"
"214879";"0440211727";"10"
"215278";"0425161722";"0"
"215278";"0440224829";"0"
"215359";"0440211727";"0"
"215388";"0440211727";"10"
"215746";"0380759497";"0"
"215851";"0380820447";"4"
"216027";"015216250X";"0"
"216100";"0380002450";"0"
"216160";"0440211727";"10"
"216466";"0786890436";"0"
"216492";"0380002450";"0"
"216670";"0345404777";"0"
"216682";"0553212583";"0"
"216683";"0440211727";"0"
"217318";"0345404777";"5"
"217318";"0440211727";"5"
"217375";"0380820447";"0"
"217375";"0440130913";"0"
"217491";"0449006557";"7"
"217513";"0380820447";"6"
"217895";"0380002450";"0"
"217986";"0440211727";"0"
"217986";"0451155750";"0"
"218068";"0345391802";"0"
"218068";"0385493800";"0"
"218121";"0440211727";"0"
"218271";"0345391802";"0"
"218379";"0425166619";"3"
"218552";"015216250X";"4"
"218552";"0152162577";"0"
"218552";"0440211727";"6"
"218552";"0449006557";"0"
"218568";"0440211727";"8"
"218613";"0345404777";"0"
"219008";"0002005018";"7"
"219235";"0515134368";"0"
"219254";"0440211727";"8"
"219321";"038533334X";"0"
"219321";"0425161722";"6"
"219530";"0345391802";"10"
"219546";"0451155750";"0"
"219609";"0064405052";"0"
"219683";"0451155750";"6"
"219949";"0064405052";"9"
"220091";"0440211727";"0"
"220154";"0440219078";"7"
"220240";"0786890436";"8"
"220278";"0380002450";"0"
"220382";"0786890436";"0"
"220746";"0451204050";"8"
"221103";"0440211727";"0"
"221114";"0440211727";"9"
"221198";"0345391802";"10"
"221389";"0440211727";"0"
"221434";"0425166619";"5"
"221445";"0385493800";"7"
"221445";"0440211727";"5"
"221705";"1551668785";"7"
"221948";"0380820447";"0"
"222035";"0440211727";"9"
"222050";"0449006557";"0"
"222050";"0553256785";"0"
"222050";"068983571X";"0"
"222906";"0345391802";"0"
"222941";"0440222818";"0"
"223006";"0446364762";"6"
"223087";"0440219078";"0"
"223087";"0451188209";"0"
"223087";"0515122408";"0"
"223154";"0380820447";"0"
"223190";"0446364762";"9"
"223201";"0425134350";"0"
"223331";"0440211727";"8"
"223347";"044661162X";"0"
"223566";"0451155750";"0"
"223872";"0345391802";"9"
"223942";"0440211727";"0"
"223953";"0064405052";"8"
"223953";"0064409457";"8"
"224138";"038533334X";"9"
"224303";"0440211727";"8"
"224340";"044661162X";"0"
"224349";"0380002450";"0"
"224349";"0440211727";"8"
"224435";"039914563X";"0"
"224435";"0440211727";"0"
"224650";"0440219078";"6"
"224659";"0440211727";"7"
"224923";"0451155750";"0"
"224997";"0440224829";"5"
"225087";"015216250X";"10"
"225087";"0152162577";"0"
"225617";"0440211727";"6"
"225686";"015216250X";"7"
"225686";"0451454243";"0"
"225687";"0440219078";"7"
"225721";"0312853238";"10"
"225810";"0380752115";"0"
"225810";"0380817144";"0"
"225810";"0446364762";"0"
"225810";"0515122408";"0"
"225810";"0671694049";"0"
"225867";"0394578791";"0"
"225886";"068983571X";"0"
"225962";"0765341972";"0"
"225986";"0440211727";"8"
"225989";"0380002450";"0"
"225989";"0440211727";"0"
"225989";"0553212583";"0"
"225996";"0451454243";"0"
"226126";"0440211727";"0"
"226205";"0380817144";"0"
"226393";"0440211727";"0"
"226393";"0440219078";"0"
"226482";"0440211727";"0"
"226545";"0440211727";"9"
"226545";"0515134368";"0"
"226671";"0765341972";"0"
"226772";"0425161722";"0"
"226879";"0380759497";"0"
"226879";"0515122408";"0"
"226879";"0590514776";"0"
"226975";"0345391802";"10"
"227013";"038533334X";"0"
"227083";"015216250X";"8"
"227097";"0380002450";"5"
"227169";"0385493800";"0"
"227447";"0345404777";"0"
"227447";"038533334X";"0"
"227447";"0425166619";"7"
"227447";"044661162X";"0"
"227520";"0385493800";"0"
"228321";"0380002450";"5"
"228328";"0786890436";"6"
"228432";"0385493800";"8"
"228673";"0451185277";"0"
"228681";"0440211727";"0"
"228681";"0451185277";"0"
"228681";"0515134368";"0"
"228760";"0152162577";"7"
"228764";"0440211727";"10"
"228764";"0449006557";"0"
"228998";"0345391802";"10"
"228998";"039914563X";"0"
"228998";"0440211727";"0"
"228998";"0440219078";"0"
"228998";"0440224829";"0"
"228998";"0446364762";"0"
"228998";"0451155750";"0"
"228998";"0515122408";"0"
"229011";"0440211727";"6"
"229313";"0440211727";"0"
"229313";"0451155750";"7"
"229329";"0345391802";"0"
"229369";"0753804700";"3"
"229412";"0373871562";"0"
"229551";"0373250339";"0"
"229551";"0380820447";"10"
"229632";"0671742566";"0"
"229656";"0451454243";"5"
"229741";"0440211727";"0"
"229741";"0765341972";"0"
"230115";"0440120470";"0"
"230249";"0440219078";"8"
"230249";"044661162X";"0"
"230496";"0425166619";"0"
"230522";"0345346971";"0"
"230522";"0345356578";"0"
"230522";"0380002450";"9"
"230522";"0440211727";"0"
"230522";"0440219078";"9"
"230522";"0515122408";"0"
"230522";"068983571X";"0"
"231210";"0380002450";"0"
"231210";"0765341972";"0"
"231264";"0380820447";"0"
"231351";"044661162X";"8"
"231827";"0425134350";"0"
"231857";"0345391802";"0"
"232066";"0425166619";"0"
"232131";"038533334X";"0"
"232131";"0449006557";"0"
"232131";"0515134368";"0"
"232131";"0753804700";"7"
"232131";"0765341972";"0"
"232131";"0786890436";"0"
"232251";"0425161722";"0"
"232271";"0765341972";"0"
"232295";"0345346971";"0"
"232475";"0345391802";"10"
"232820";"0440211727";"0"
"232820";"0451155750";"0"
"232929";"0440211727";"8"
"232945";"0440211727";"0"
"232945";"0765341972";"3"
"232964";"0385493800";"6"
"233097";"0440211727";"0"
"233143";"0440219078";"10"
"233445";"0451155750";"8"
"233633";"0440211727";"0"
"233649";"0440211727";"9"
"233711";"0440211727";"8"
"233867";"0440211727";"8"
"233911";"0380817144";"0"
"233911";"0449006557";"0"
"233917";"0345356578";"0"
"234359";"038533334X";"6"
"234401";"3442098424";"0"
"234544";"0440211727";"0"
"234565";"0440219078";"0"
"234597";"0345391802";"0"
"234597";"0753804700";"0"
"234623";"0064405052";"0"
"234623";"0345356578";"0"
"234623";"0345404777";"0"
"234623";"0385493800";"0"
"234623";"039914563X";"0"
"234623";"0425134350";"0"
"234623";"0515122408";"0"
"234623";"0553256785";"0"
"234759";"0440219078";"9"
"234828";"0380002450";"0"
"234828";"0380759497";"8"
"234828";"0385493800";"0"
"234828";"0440211727";"0"
"234900";"0451155750";"5"
"235105";"0380817144";"9"
"235105";"039914563X";"8"
"235105";"0440211727";"0"
"235105";"0440222818";"9"
"235105";"044661162X";"0"
"235105";"0553212583";"0"
"235105";"0786890436";"0"
"235154";"038533334X";"0"
"235392";"0380820447";"0"
"235392";"0440211727";"0"
"235392";"0515134368";"5"
"235392";"0671742566";"0"
"235429";"0345391802";"0"
"235429";"0425161722";"0"
"235842";"0440211727";"7"
"235895";"0425161722";"4"
"236032";"0345391802";"0"
"236058";"0440219078";"9"
"236172";"039914563X";"0"
"236218";"0345391802";"0"
"236247";"0440211727";"0"
"236267";"0440219078";"6"
"236283";"0345346971";"0"
"236283";"0345356578";"0"
"236283";"0425161722";"0"
"236283";"0425166619";"0"
"236283";"0440211727";"0"
"236283";"0786890436";"10"
"236340";"0345404777";"0"
"236340";"0440211727";"10"
"236340";"0446364762";"0"
"236340";"0553212583";"8"
"236577";"044661162X";"0"
"236595";"0515122408";"7"
"236728";"0425134350";"0"
"236827";"0380759497";"0"
"236842";"0440219078";"5"
"236955";"0345404777";"6"
"236959";"0440130913";"0"
"236994";"038533334X";"9"
"237132";"0671694049";"0"
"237175";"0440211727";"0"
"237271";"0440211727";"8"
"237299";"0425161722";"0"
"237477";"039914563X";"0"
"237745";"0446364762";"8"
"238120";"038533334X";"0"
"238120";"0440211727";"9"
"238120";"044661162X";"0"
"238120";"0451454243";"0"
"238170";"0440211727";"0"
"238186";"0671694049";"0"
"238387";"0440219078";"10"
"238419";"0440211727";"0"
"238526";"0451155750";"0"
"238541";"0440211727";"0"
"238541";"0451454243";"0"
"238545";"0440211727";"0"
"238557";"044661162X";"0"
"238739";"0446364762";"0"
"238779";"0440222818";"8"
"238781";"0380538504";"0"
"238781";"038533334X";"0"
"238781";"0440224829";"0"
"238781";"1551668785";"0"
"239076";"039914563X";"8"
"239374";"0345391802";"8"
"239584";"0064405052";"0"
"239821";"0786890436";"0"
"239834";"039914563X";"5"
"240035";"0440211727";"5"
"240035";"0446364762";"5"
"240051";"0385493800";"0"
"240098";"0440211727";"0"
"240144";"0786890436";"0"
"240219";"015216250X";"10"
"240333";"0440211727";"0"
"240370";"0440211727";"0"
"240495";"0385493800";"3"
"240543";"0394578791";"8"
"240602";"0440211727";"9"
"240700";"0152162445";"9"
"240700";"0152162577";"9"
"240906";"0440211727";"0"
"241033";"0440211727";"0"
"241146";"0449006557";"5"
"241344";"0451155750";"0"
"241401";"0440211727";"5"
"241527";"0671694049";"10"
"241548";"0425134350";"0"
"241548";"0440211727";"0"
"241548";"0440224829";"0"
"241548";"0553256785";"0"
"241614";"0553212583";"0"
"241666";"0425166619";"0"
"241791";"0385493800";"0"
"241869";"0440219078";"0"
"242037";"0345391802";"10"
"242040";"0440219078";"9"
"242083";"0345391802";"2"
"242083";"0440211727";"10"
"242106";"0440211727";"0"
"242247";"0440211727";"0"
"242247";"0440219078";"0"
"242299";"0440211727";"0"
"242299";"0786890436";"6"
"242357";"0440415993";"10"
"242361";"0440224829";"0"
"242499";"0440224829";"0"
"242824";"0440211727";"0"
"242824";"0515134368";"0"
"242878";"0451454243";"9"
"242891";"0425161722";"0"
"242962";"0786890436";"6"
"243075";"043922165X";"9"
"243075";"0439221676";"9"
"243075";"0439221684";"9"
"243142";"038533334X";"5"
"243142";"0440211727";"0"
"243260";"038533334X";"0"
"243294";"0440211727";"9"
"243344";"0425166619";"7"
"243642";"0440219078";"0"
"243917";"038533334X";"8"
"243929";"044661162X";"0"
"243930";"0064405052";"0"
"243930";"0440211727";"0"
"243996";"0449006557";"8"
"244039";"0345391802";"7"
"244349";"0440211727";"0"
"244351";"0440224829";"0"
"244400";"044661162X";"9"
"244593";"0373250339";"0"
"244685";"0440211727";"10"
"244688";"0373250339";"0"
"244688";"0380820447";"0"
"244736";"0425166619";"0"
"244736";"068983571X";"0"
"244874";"0440211727";"8"
"244915";"0440211727";"9"
"244918";"0064405052";"10"
"244994";"0451155750";"0"
"245042";"0440219078";"10"
"245088";"0345391802";"0"
"245346";"0345391802";"8"
"245371";"0440211727";"8"
"245445";"0312853238";"10"
"245534";"0440211727";"0"
"245649";"0753804700";"0"
"245782";"0786890436";"0"
"245827";"0061064505";"0"
"245827";"1562477528";"0"
"245864";"0440130913";"0"
"245864";"0440211727";"0"
"245963";"0446364762";"0"
"245963";"0553212583";"0"
"245963";"067175145X";"0"
"246000";"0345391802";"6"
"246247";"0449006557";"0"
"246312";"0553212583";"0"
"246433";"038533334X";"0"
"246512";"039914563X";"10"
"246512";"0425134350";"10"
"246655";"0440211727";"0"
"246671";"0380752115";"0"
"246910";"0440219078";"10"
"247141";"0440211727";"10"
"247447";"0440224829";"0"
"247568";"015216250X";"4"
"247752";"0440211727";"0"
"247840";"038533334X";"0"
"247852";"0440211727";"0"
"248168";"0425161722";"0"
"248464";"0786890436";"0"
"248496";"0425161722";"9"
"248496";"0440211727";"10"
"248496";"0446364762";"0"
"248718";"039914563X";"9"
"249111";"0385493800";"8"
"249598";"0380820447";"8"
"249628";"0345391802";"0"
"249695";"0385493800";"7"
"249862";"0345404777";"0"
"249894";"0440219078";"8"
"249912";"0380002450";"6"
"250015";"0553212583";"0"
"250105";"068983571X";"0"
"250359";"0590514776";"0"
"250472";"0380817144";"8"
"250539";"0451155750";"7"
"250645";"0440211727";"0"
"250645";"0446364762";"0"
"250709";"0425161722";"5"
"250764";"0345404777";"0"
"250764";"0380817144";"0"
"250936";"0440211727";"0"
"250962";"0440219078";"0"
"250984";"0425161722";"0"
"251003";"0385493800";"8"
"251036";"0440224829";"0"
"251140";"0380002450";"0"
"251140";"038533334X";"0"
"251140";"0440211727";"8"
"251242";"0451155750";"8"
"251394";"0451454243";"0"
"251400";"0425161722";"5"
"251422";"0345428544";"0"
"251422";"039914563X";"0"
"251422";"0440211727";"0"
"251499";"0345404777";"0"
"251499";"0440224829";"0"
"251613";"0380002450";"0"
"251613";"0385493800";"0"
"251613";"0440211727";"0"
"251613";"0440224829";"0"
"251613";"067175145X";"0"
"251642";"0440211727";"0"
"251721";"0515122408";"8"
"251730";"0449001954";"0"
"251779";"0425166619";"0"
"252007";"0553212583";"0"
"252045";"0425161722";"10"
"252049";"0553212583";"0"
"252071";"0440211727";"0"
"252126";"0345404777";"0"
"252222";"0440211727";"9"
"252233";"0440219078";"10"
"252347";"044661162X";"8"
"252719";"0440219078";"0"
"252820";"0385493800";"3"
"252848";"0385493800";"0"
"252848";"0440211727";"9"
"252865";"0440211727";"0"
"253090";"0425161722";"7"
"253228";"0345356578";"8"
"253343";"0440219078";"8"
"253476";"0451185277";"8"
"253482";"0425161722";"0"
"253516";"0765341972";"7"
"253580";"0425166619";"0"
"253821";"0590514776";"0"
"253828";"0440211727";"7"
"253949";"0553212583";"4"
"254053";"0385493800";"8"
"254068";"068983585X";"0"
"254160";"038533334X";"9"
"254196";"0446364762";"3"
"254206";"039914563X";"9"
"254288";"0440211727";"8"
"254405";"0671742566";"0"
"254465";"0425166619";"0"
"254465";"0440211727";"0"
"254465";"0515134368";"0"
"254485";"038533334X";"6"
"254754";"0765341972";"3"
"254779";"0345404777";"0"
"254899";"039914563X";"7"
"254910";"0425161722";"0"
"255078";"0345391802";"9"
"255218";"0152162445";"0"
"255218";"015216250X";"0"
"255218";"0152162577";"0"
"255218";"0385497679";"0"
"255218";"0440219078";"0"
"255331";"0425166619";"7"
"255372";"0385493800";"0"
"255489";"0380538504";"0"
"255489";"0440211727";"0"
"255489";"0786890436";"0"
"255719";"0440211727";"0"
"255846";"0753804700";"6"
"256220";"0440219078";"8"
"256224";"0671694049";"0"
"256247";"0753804700";"0"
"256402";"0345391802";"7"
"256407";"0440211727";"0"
"256648";"0451454243";"5"
"256729";"0553212583";"8"
"257204";"0380759497";"10"
"257204";"0440211727";"0"
"257204";"0451454243";"0"
"257493";"0671779338";"0"
"257651";"0553212583";"6"
"258152";"0345346971";"0"
"258152";"0345356578";"0"
"258185";"0380752115";"0"
"258185";"0440224829";"0"
"258240";"0440211727";"10"
"258270";"0786890436";"10"
"258352";"0345391802";"0"
"258459";"0440211727";"8"
"258690";"0451185277";"0"
"258690";"0451454243";"0"
"258842";"0440219078";"10"
"258938";"0440211727";"0"
"259006";"0440219078";"10"
"259078";"0765341972";"0"
"259114";"0425134350";"0"
"259114";"0425161722";"0"
"259152";"0440219078";"9"
"259232";"0385493800";"10"
"259234";"0380817144";"0"
"259259";"0385493800";"9"
"259260";"0515122408";"9"
"259264";"0425166619";"0"
"259388";"0440211727";"0"
"259430";"0440211727";"0"
"259466";"038533334X";"8"
"259622";"0451454243";"10"
"259625";"015216250X";"0"
"259629";"0425134350";"8"
"259629";"0440211727";"0"
"259734";"0671694049";"0"
"259856";"0440219078";"0"
"259901";"0064405052";"0"
"259901";"0451155750";"7"
"260202";"0440224829";"0"
"260324";"015216250X";"5"
"260498";"0451155750";"8"
"260897";"0385493800";"0"
"260897";"0425161722";"0"
"260897";"0440211727";"0"
"260944";"0385493800";"0"
"260967";"0786890436";"4"
"261561";"0345346971";"0"
"261829";"0440211727";"7"
"261829";"0515134368";"6"
"261829";"0786890436";"8"
"262347";"0440219078";"9"
"262399";"0425134350";"0"
"262399";"0440211727";"0"
"262399";"0440224829";"0"
"262399";"0515134368";"0"
"262399";"0671742566";"4"
"262576";"0440224829";"8"
"262607";"0345428544";"9"
"263325";"0002005018";"6"
"263326";"0380820447";"0"
"264082";"0446364762";"8"
"264085";"0451454243";"10"
"264137";"0425134350";"6"
"264317";"0553212583";"10"
"264321";"0380817144";"0"
"264321";"0440211727";"0"
"264321";"0451454243";"0"
"264873";"067175145X";"0"
"265083";"0380002450";"0"
"265115";"0345404777";"0"
"265115";"0380820447";"0"
"265115";"0451185277";"0"
"265115";"0515134368";"0"
"265313";"0345404777";"0"
"265313";"0425161722";"0"
"265313";"0440211727";"0"
"265313";"0451155750";"0"
"265383";"0440219078";"0"
"265383";"0553212583";"0"
"265498";"0451204050";"0"
"265571";"0345391802";"0"
"265607";"0425134350";"0"
"265656";"0440211727";"0"
"265656";"0449001954";"10"
"265834";"0345391802";"0"
"265834";"0440211727";"0"
"265834";"0553212583";"0"
"266054";"0446364762";"0"
"266176";"0440219078";"0"
"266226";"038533334X";"0"
"266226";"0440211727";"0"
"266226";"0449006557";"0"
"266226";"0786890436";"0"
"266580";"0753804700";"8"
"266753";"0380817144";"0"
"266753";"0449006557";"0"
"266796";"0440219078";"4"
"266865";"039914563X";"0"
"266865";"0440224829";"0"
"266865";"0765341972";"0"
"266892";"0425161722";"0"
"267033";"0425161722";"0"
"267033";"0440224829";"0"
"267061";"0440211727";"0"
"267164";"0440211727";"7"
"267354";"0786890436";"2"
"267356";"0345346971";"0"
"267356";"0345356578";"0"
"267356";"0440211727";"0"
"267356";"0451185277";"0"
"267356";"0515122408";"0"
"267529";"0380817144";"0"
"267545";"038533334X";"0"
"267549";"0440211727";"6"
"267635";"0345404777";"0"
"267809";"0440211727";"0"
"268032";"0345391802";"8"
"268032";"0345404777";"0"
"268032";"0380759497";"0"
"268032";"0425161722";"0"
"268032";"0440211727";"8"
"268110";"038533334X";"8"
"268156";"044661162X";"10"
"268300";"0440211727";"9"
"268330";"0440211727";"0"
"268330";"0446364762";"0"
"268330";"0451185277";"0"
"268330";"0515134368";"0"
"269011";"0553212583";"0"
"269217";"0380820447";"9"
"269308";"044661162X";"0"
"269566";"0345404777";"0"
"269566";"0380759497";"0"
"269566";"038533334X";"0"
"269566";"0425134350";"0"
"269566";"0425166619";"0"
"269566";"0440211727";"0"
"269566";"0440219078";"8"
"269566";"0446364762";"0"
"269566";"0515122408";"0"
"269719";"015216250X";"0"
"269719";"0152162577";"0"
"269719";"0345391802";"0"
"269719";"0440224829";"8"
"269738";"015216250X";"0"
"270264";"0425166619";"0"
"270554";"038533334X";"0"
"270605";"038533334X";"1"
"270713";"0451454243";"9"
"270897";"0345391802";"10"
"271195";"0345346971";"0"
"271195";"0345356578";"0"
"271284";"0425161722";"0"
"271284";"0440211727";"0"
"271448";"038533334X";"6"
"271448";"0765341972";"0"
"271448";"0786890436";"0"
"271491";"0345428544";"8"
"271531";"0765341972";"8"
"271558";"0345404777";"0"
"271558";"0425166619";"0"
"271844";"0425161722";"0"
"272077";"0380002450";"10"
"272077";"0451454243";"0"
"272077";"0765341972";"3"
"272098";"0451155750";"5"
"272225";"0451155750";"9"
"272626";"067175145X";"0"
"273110";"0440224829";"0"
"273113";"0671742566";"5"
"273140";"0440224829";"8"
"273252";"0440211727";"0"
"273328";"0425166619";"7"
"273420";"0440219078";"10"
"273976";"0345391802";"7"
"274061";"0380759497";"10"
"274292";"0753804700";"8"
"274301";"0425166619";"0"
"274308";"0345404777";"0"
"274308";"0440211727";"0"
"274308";"044661162X";"6"
"274380";"0380002450";"7"
"274512";"0590514776";"4"
"274549";"0425134350";"0"
"274549";"0440211727";"8"
"274609";"0671742566";"0"
"274979";"067175145X";"0"
"275020";"015216250X";"0"
"275154";"038533334X";"7"
"275357";"038533334X";"0"
"275439";"0440211727";"7"
"275520";"0440211727";"8"
"275677";"015216250X";"0"
"275936";"0671694049";"9"
"275970";"0515134368";"0"
"275970";"0671694049";"0"
"275994";"0440211727";"7"
"276071";"0440211727";"8"
"276247";"0440211727";"10"